entry_id,contest_id,contest_name,entry_fee,QB,RB,RB,WR,WR,WR,TE,FLEX,DEF,"","Instructions"
"3736988188","134747-280845235","$40K Sun NFL Pooch Punt (Guaranteed Overlay!)","0.05","","","","","","","","","","","1) Edit your lineup by inserting any player from this list into their appropriate position columns"
"3736988189","134747-280845235","$40K Sun NFL Pooch Punt (Guaranteed Overlay!)","0.05","","","","","","","","","","","2) You can paste either the Player ID + Name OR ID from their respective columns"
"3736988190","134747-280845235","$40K Sun NFL Pooch Punt (Guaranteed Overlay!)","0.05","","","","","","","","","","","3) Any information to the right of the last position column will be ignored in the upload. Don't leave blank rows. Any entries after a blank row will not be edited"
"3736988191","134747-280845235","$40K Sun NFL Pooch Punt (Guaranteed Overlay!)","0.05","","","","","","","","","","","4) You can not use this form to create new entries"
"3736988192","134747-280845235","$40K Sun NFL Pooch Punt (Guaranteed Overlay!)","0.05","","","","","","","","","",""
"3736988193","134747-280845235","$40K Sun NFL Pooch Punt (Guaranteed Overlay!)","0.05","","","","","","","","","","",Player ID + Player Name,Id,Position,First Name,Nickname,Last Name,FPPG,Played,Salary,Game,Team,Opponent,Injury Indicator,Injury Details,Tier,,,Roster Position
"3736988194","134747-280845235","$40K Sun NFL Pooch Punt (Guaranteed Overlay!)","0.05","","","","","","","","","","",134747-129458:Jaxon Smith-Njigba,134747-129458,WR,Jaxon,Jaxon Smith-Njigba,Smith-Njigba,33.186665852864586,3,9500,LAC@SEA,SEA,LAC,,,,,,WR/FLEX
"3736988195","134747-280845235","$40K Sun NFL Pooch Punt (Guaranteed Overlay!)","0.05","","","","","","","","","","",134747-39280:Derrick Henry,134747-39280,RB,Derrick,Derrick Henry,Henry,25.133333841959637,3,9100,TEN@BAL,BAL,TEN,,,,,,RB/FLEX
"3736988198","134747-280845235","$40K Sun NFL Pooch Punt (Guaranteed Overlay!)","0.05","","","","","","","","","","",134747-85701:Ja'Marr Chase,134747-85701,WR,Ja'Marr,Ja'Marr Chase,Chase,15.166666666666666,3,9100,JAC@CIN,CIN,JAC,,,,,,WR/FLEX
"3736988199","134747-280845235","$40K Sun NFL Pooch Punt (Guaranteed Overlay!)","0.05","","","","","","","","","","",134747-62239:Josh Allen,134747-62239,QB,Josh,Josh Allen,Allen,32.813334147135414,3,9100,NE@BUF,BUF,NE,,,,,,QB
"3736988200","134747-280845235","$40K Sun NFL Pooch Punt (Guaranteed Overlay!)","0.05","","","","","","","","","","",134747-103020:Puka Nacua,134747-103020,WR,Puka,Puka Nacua,Nacua,4.949999809265137,2,9000,LAR@PHI,LAR,PHI,Q,Hip,,,,WR/FLEX
"3736988201","134747-280845235","$40K Sun NFL Pooch Punt (Guaranteed Overlay!)","0.05","","","","","","","","","","",134747-55050:Christian McCaffrey,134747-55050,RB,Christian,Christian McCaffrey,McCaffrey,17.166666666666668,3,8800,DEN@SF,SF,DEN,,,,,,RB/FLEX
"3736988203","134747-280845235","$40K Sun NFL Pooch Punt (Guaranteed Overlay!)","0.05","","","","","","","","","","",134747-63115:Lamar Jackson,134747-63115,QB,Lamar,Lamar Jackson,Jackson,21.399998982747395,3,8700,TEN@BAL,BAL,TEN,,,,,,QB
"3736988204","134747-280845235","$40K Sun NFL Pooch Punt (Guaranteed Overlay!)","0.05","","","","","","","","","","",134747-86631:CeeDee Lamb,134747-86631,WR,CeeDee,CeeDee Lamb,Lamb,22.3000005086263,3,8500,DAL@HOU,DAL,HOU,,,,,,WR/FLEX
"3736988205","134747-280845235","$40K Sun NFL Pooch Punt (Guaranteed Overlay!)","0.05","","","","","","","","","","",134747-69531:Jalen Hurts,134747-69531,QB,Jalen,Jalen Hurts,Hurts,18.833333333333332,3,8500,LAR@PHI,PHI,LAR,,,,,,QB
"3736988207","134747-280845235","$40K Sun NFL Pooch Punt (Guaranteed Overlay!)","0.05","","","","","","","","","","",134747-103342:Kenneth Walker III,134747-103342,RB,Kenneth,Kenneth Walker III,Walker III,26.566665649414062,3,8500,KC@LV,KC,LV,,,,,,RB/FLEX
"3736988209","134747-280845235","$40K Sun NFL Pooch Punt (Guaranteed Overlay!)","0.05","","","","","","","","","","",134747-85607:Brock Purdy,134747-85607,QB,Brock,Brock Purdy,Purdy,27.286666870117188,3,8300,DEN@SF,SF,DEN,,,,,,QB
"3736988210","134747-280845235","$40K Sun NFL Pooch Punt (Guaranteed Overlay!)","0.05","","","","","","","","","","",134747-45889:Davante Adams,134747-45889,WR,Davante,Davante Adams,Adams,20.933333079020183,3,8300,LAR@PHI,LAR,PHI,,,,,,WR/FLEX
"3736988211","134747-280845235","$40K Sun NFL Pooch Punt (Guaranteed Overlay!)","0.05","","","","","","","","","","",134747-91626:James Cook III,134747-91626,RB,James,James Cook III,Cook III,18.066666920979817,3,8200,NE@BUF,BUF,NE,,,,,,RB/FLEX
"3736988213","134747-280845235","$40K Sun NFL Pooch Punt (Guaranteed Overlay!)","0.05","","","","","","","","","","",134747-63336:Joe Burrow,134747-63336,QB,Joe,Joe Burrow,Burrow,17.97333272298177,3,8200,JAC@CIN,CIN,JAC,,,,,,QB
"3736988215","134747-280845235","$40K Sun NFL Pooch Punt (Guaranteed Overlay!)","0.05","","","","","","","","","","",134747-31716:Dak Prescott,134747-31716,QB,Dak,Dak Prescott,Prescott,21.366666158040363,3,8100,DAL@HOU,DAL,HOU,,,,,,QB
"3736988216","134747-280845235","$40K Sun NFL Pooch Punt (Guaranteed Overlay!)","0.05","","","","","","","","","","",134747-57439:Patrick Mahomes,134747-57439,QB,Patrick,Patrick Mahomes,Mahomes,23.860000610351562,3,8000,KC@LV,KC,LV,,,,,,QB
"3736988218","134747-280845235","$40K Sun NFL Pooch Punt (Guaranteed Overlay!)","0.05","","","","","","","","","","",134747-85671:Justin Jefferson,134747-85671,WR,Justin,Justin Jefferson,Jefferson,12.800000508626303,3,8000,MIA@MIN,MIN,MIA,Q,Ankle,,,,WR/FLEX
"3736988219","134747-280845235","$40K Sun NFL Pooch Punt (Guaranteed Overlay!)","0.05","","","","","","","","","","",134747-64401:Saquon Barkley,134747-64401,RB,Saquon,Saquon Barkley,Barkley,6.5,3,8000,LAR@PHI,PHI,LAR,,,,,,RB/FLEX
"3736988221","134747-280845235","$40K Sun NFL Pooch Punt (Guaranteed Overlay!)","0.05","","","","","","","","","","",134747-110246:George Pickens,134747-110246,WR,George,George Pickens,Pickens,7.666666666666667,3,7900,DAL@HOU,DAL,HOU,,,,,,WR/FLEX
"3736988222","134747-280845235","$40K Sun NFL Pooch Punt (Guaranteed Overlay!)","0.05","","","","","","","","","","",134747-89951:Trevor Lawrence,134747-89951,QB,Trevor,Trevor Lawrence,Lawrence,18.013333638509113,3,7900,JAC@CIN,JAC,CIN,,,,,,QB
"3736988224","134747-280845235","$40K Sun NFL Pooch Punt (Guaranteed Overlay!)","0.05","","","","","","","","","","",134747-104433:Kyren Williams,134747-104433,RB,Kyren,Kyren Williams,Williams,15.833333333333334,3,7900,LAR@PHI,LAR,PHI,,,,,,RB/FLEX
"3736988227","134747-280845235","$40K Sun NFL Pooch Punt (Guaranteed Overlay!)","0.05","","","","","","","","","","",134747-167031:Ashton Jeanty,134747-167031,RB,Ashton,Ashton Jeanty,Jeanty,17.266666412353516,3,7800,KC@LV,LV,KC,,,,,,RB/FLEX
"3736988229","134747-280845235","$40K Sun NFL Pooch Punt (Guaranteed Overlay!)","0.05","","","","","","","","","","",134747-6654:Matthew Stafford,134747-6654,QB,Matthew,Matthew Stafford,Stafford,20.65999984741211,3,7800,LAR@PHI,LAR,PHI,,,,,,QB
"3736988231","134747-280845235","$40K Sun NFL Pooch Punt (Guaranteed Overlay!)","0.05","","","","","","","","","","",134747-69017:Jordan Love,134747-69017,QB,Jordan,Jordan Love,Love,19.919999440511067,3,7700,GB@TB,GB,TB,,,,,,QB
"3736988233","134747-280845235","$40K Sun NFL Pooch Punt (Guaranteed Overlay!)","0.05","","","","","","","","","","",134747-90576:DeVonta Smith,134747-90576,WR,DeVonta,DeVonta Smith,Smith,14,3,7700,LAR@PHI,PHI,LAR,Q,Hamstring,,,,WR/FLEX
"3736988235","134747-280845235","$40K Sun NFL Pooch Punt (Guaranteed Overlay!)","0.05","","","","","","","","","","",134747-103564:Garrett Wilson,134747-103564,WR,Garrett,Garrett Wilson,Wilson,16.599999745686848,3,7600,NYJ@CHI,NYJ,CHI,,,,,,WR/FLEX
"3736988237","134747-280845235","$40K Sun NFL Pooch Punt (Guaranteed Overlay!)","0.05","","","","","","","","","","",134747-89493:Chase Brown,134747-89493,RB,Chase,Chase Brown,Brown,11.300000508626303,3,7600,JAC@CIN,CIN,JAC,,,,,,RB/FLEX
"3736988239","134747-280845235","$40K Sun NFL Pooch Punt (Guaranteed Overlay!)","0.05","","","","","","","","","","",134747-102965:Bo Nix,134747-102965,QB,Bo,Bo Nix,Nix,15.566666920979818,3,7600,DEN@SF,DEN,SF,,,,,,QB
"3736988241","134747-280845235","$40K Sun NFL Pooch Punt (Guaranteed Overlay!)","0.05","","","","","","","","","","",134747-63589:Sam Darnold,134747-63589,QB,Sam,Sam Darnold,Darnold,16.59000015258789,2,7500,LAC@SEA,SEA,LAC,,,,,,QB
"3736988243","134747-280845235","$40K Sun NFL Pooch Punt (Guaranteed Overlay!)","0.05","","","","","","","","","","",134747-93541:Javonte Williams,134747-93541,RB,Javonte,Javonte Williams,Williams,15.166666666666666,3,7500,DAL@HOU,DAL,HOU,,,,,,RB/FLEX
"3736988244","134747-280845235","$40K Sun NFL Pooch Punt (Guaranteed Overlay!)","0.05","","","","","","","","","","",134747-152113:Caleb Williams,134747-152113,QB,Caleb,Caleb Williams,Williams,15.326666514078775,3,7500,NYJ@CHI,CHI,NYJ,D,Hamstring,,,,QB
"3736988245","134747-280845235","$40K Sun NFL Pooch Punt (Guaranteed Overlay!)","0.05","","","","","","","","","","",134747-32384:Mike Evans,134747-32384,WR,Mike,Mike Evans,Evans,10.566666920979818,3,7500,DEN@SF,SF,DEN,Q,Ribs,,,,WR/FLEX
"3736988247","134747-280845235","$40K Sun NFL Pooch Punt (Guaranteed Overlay!)","0.05","","","","","","","","","","",134747-111311:Rashee Rice,134747-111311,WR,Rashee,Rashee Rice,Rice,10.5,3,7500,KC@LV,KC,LV,,,,,,WR/FLEX
"3736988249","134747-280845235","$40K Sun NFL Pooch Punt (Guaranteed Overlay!)","0.05","","","","","","","","","","",134747-152664:Bucky Irving,134747-152664,RB,Bucky,Bucky Irving,Irving,11.533332824707031,3,7400,GB@TB,TB,GB,Q,Lower body,,,,RB/FLEX
"3736988250","134747-280845235","$40K Sun NFL Pooch Punt (Guaranteed Overlay!)","0.05","","","","","","","","","","",134747-91419:Nico Collins,134747-91419,WR,Nico,Nico Collins,Collins,8.850000381469727,2,7400,DAL@HOU,HOU,DAL,Q,Hamstring,,,,WR/FLEX
"3736988251","134747-280845235","$40K Sun NFL Pooch Punt (Guaranteed Overlay!)","0.05","","","","","","","","","","",134747-91750:Trey McBride,134747-91750,TE,Trey,Trey McBride,McBride,15.366666158040365,3,7400,ARI@NYG,ARI,NYG,,,,,,TE/FLEX
"3736988252","134747-280845235","$40K Sun NFL Pooch Punt (Guaranteed Overlay!)","0.05","","","","","","","","","","",134747-152316:Drake Maye,134747-152316,QB,Drake,Drake Maye,Maye,9.200000127156576,3,7400,NE@BUF,NE,BUF,,,,,,QB
"3736988253","134747-280845235","$40K Sun NFL Pooch Punt (Guaranteed Overlay!)","0.05","","","","","","","","","","",134747-91598:D'Andre Swift,134747-91598,RB,D'Andre,D'Andre Swift,Swift,18.366666158040363,3,7300,NYJ@CHI,CHI,NYJ,Q,Knee,,,,RB/FLEX
"3736988254","134747-280845235","$40K Sun NFL Pooch Punt (Guaranteed Overlay!)","0.05","","","","","","","","","","",134747-22038:Kirk Cousins,134747-22038,QB,Kirk,Kirk Cousins,Cousins,19.746667226155598,3,7300,KC@LV,LV,KC,,,,,,QB
"3736988255","134747-280845235","$40K Sun NFL Pooch Punt (Guaranteed Overlay!)","0.05","","","","","","","","","","",134747-112295:Zay Flowers,134747-112295,WR,Zay,Zay Flowers,Flowers,19.700000762939453,2,7300,TEN@BAL,BAL,TEN,,,,,,WR/FLEX
"3736988256","134747-280845235","$40K Sun NFL Pooch Punt (Guaranteed Overlay!)","0.05","","","","","","","","","","",134747-174215:Omarion Hampton,134747-174215,RB,Omarion,Omarion Hampton,Hampton,10.133333206176758,3,7200,LAC@SEA,LAC,SEA,,,,,,RB/FLEX
"3736988257","134747-280845235","$40K Sun NFL Pooch Punt (Guaranteed Overlay!)","0.05","","","","","","","","","","",134747-151794:Brock Bowers,134747-151794,TE,Brock,Brock Bowers,Bowers,25.600000381469727,1,7200,KC@LV,LV,KC,,,,,,TE/FLEX
"3736988258","134747-280845235","$40K Sun NFL Pooch Punt (Guaranteed Overlay!)","0.05","","","","","","","","","","",134747-169776:Christian Watson,134747-169776,WR,Christian,Christian Watson,Watson,21.3000005086263,3,7200,GB@TB,GB,TB,,,,,,WR/FLEX
"3736988260","134747-280845235","$40K Sun NFL Pooch Punt (Guaranteed Overlay!)","0.05","","","","","","","","","","",134747-63484:Kyler Murray,134747-63484,QB,Kyler,Kyler Murray,Murray,6.019999980926514,2,7200,MIA@MIN,MIN,MIA,,,,,,QB
"3736988261","134747-280845235","$40K Sun NFL Pooch Punt (Guaranteed Overlay!)","0.05","","","","","","","","","","",134747-137516:Parker Washington,134747-137516,WR,Parker,Parker Washington,Washington,13.866666158040365,3,7100,JAC@CIN,JAC,CIN,,,,,,WR/FLEX
"3736988262","134747-280845235","$40K Sun NFL Pooch Punt (Guaranteed Overlay!)","0.05","","","","","","","","","","",134747-69189:Justin Herbert,134747-69189,QB,Justin,Justin Herbert,Herbert,12.626667022705078,3,7100,LAC@SEA,LAC,SEA,,,,,,QB
"3736988263","134747-280845235","$40K Sun NFL Pooch Punt (Guaranteed Overlay!)","0.05","","","","","","","","","","",134747-183240:Cam Skattebo,134747-183240,RB,Cam,Cam Skattebo,Skattebo,11.033332824707031,3,7100,ARI@NYG,NYG,ARI,,,,,,RB/FLEX
"3736988264","134747-280845235","$40K Sun NFL Pooch Punt (Guaranteed Overlay!)","0.05","","","","","","","","","","",134747-129471:C.J. Stroud,134747-129471,QB,C.J.,C.J. Stroud,Stroud,16.053333282470703,3,7000,DAL@HOU,HOU,DAL,,,,,,QB
"3736988265","134747-280845235","$40K Sun NFL Pooch Punt (Guaranteed Overlay!)","0.05","","","","","","","","","","",134747-41535:Baker Mayfield,134747-41535,QB,Baker,Baker Mayfield,Mayfield,12.366666158040365,3,7000,GB@TB,TB,GB,O,Thumb,,,,QB
"3736988266","134747-280845235","$40K Sun NFL Pooch Punt (Guaranteed Overlay!)","0.05","","","","","","","","","","",134747-138820:De'Von Achane,134747-138820,RB,De'Von,De'Von Achane,Achane,7.033333460489909,3,7000,MIA@MIN,MIA,MIN,IR,Knee - acl,,,,RB/FLEX
"3736988267","134747-280845235","$40K Sun NFL Pooch Punt (Guaranteed Overlay!)","0.05","","","","","","","","","","",134747-103064:Breece Hall,134747-103064,RB,Breece,Breece Hall,Hall,13.5,3,7000,NYJ@CHI,NYJ,CHI,O,Quadriceps,,,,RB/FLEX
"3736988268","134747-280845235","$40K Sun NFL Pooch Punt (Guaranteed Overlay!)","0.05","","","","","","","","","","",134747-56018:Deebo Samuel Sr.,134747-56018,WR,Deebo,Deebo Samuel Sr.,Samuel Sr.,11.800000508626303,3,7000,DEN@SF,SF,DEN,,,,,,WR/FLEX
"3736988269","134747-280845235","$40K Sun NFL Pooch Punt (Guaranteed Overlay!)","0.05","","","","","","","","","","",134747-26483:Geno Smith,134747-26483,QB,Geno,Geno Smith,Smith,17.97333272298177,3,6900,NYJ@CHI,NYJ,CHI,,,,,,QB
"3736988270","134747-280845235","$40K Sun NFL Pooch Punt (Guaranteed Overlay!)","0.05","","","","","","","","","","",134747-89981:Tee Higgins,134747-89981,WR,Tee,Tee Higgins,Higgins,12.466667175292969,3,6900,JAC@CIN,CIN,JAC,,,,,,WR/FLEX
"3736988272","134747-280845235","$40K Sun NFL Pooch Punt (Guaranteed Overlay!)","0.05","","","","","","","","","","",134747-151761:Malik Nabers,134747-151761,WR,Malik,Malik Nabers,Nabers,5.200000127156575,3,6800,ARI@NYG,NYG,ARI,,,,,,WR/FLEX
"3736988273","134747-280845235","$40K Sun NFL Pooch Punt (Guaranteed Overlay!)","0.05","","","","","","","","","","",134747-30231:Jacoby Brissett,134747-30231,QB,Jacoby,Jacoby Brissett,Brissett,16.52666727701823,3,6800,ARI@NYG,ARI,NYG,,,,,,QB
"3736988275","134747-280845235","$40K Sun NFL Pooch Punt (Guaranteed Overlay!)","0.05","","","","","","","","","","",134747-160620:Bhayshul Tuten,134747-160620,RB,Bhayshul,Bhayshul Tuten,Tuten,12.833333333333334,3,6800,JAC@CIN,JAC,CIN,,,,,,RB/FLEX
"3736988277","134747-280845235","$40K Sun NFL Pooch Punt (Guaranteed Overlay!)","0.05","","","","","","","","","","",134747-185776:Tyson Bagent,134747-185776,QB,Tyson,Tyson Bagent,Bagent,1.0800000429153442,2,6700,NYJ@CHI,CHI,NYJ,,,,,,QB
"3736988278","134747-280845235","$40K Sun NFL Pooch Punt (Guaranteed Overlay!)","0.05","","","","","","","","","","",134747-63043:DJ Moore,134747-63043,WR,DJ,DJ Moore,Moore,10.366666793823242,3,6700,NE@BUF,BUF,NE,Q,Shoulder,,,,WR/FLEX
"3736988279","134747-280845235","$40K Sun NFL Pooch Punt (Guaranteed Overlay!)","0.05","","","","","","","","","","",134747-39793:George Kittle,134747-39793,TE,George,George Kittle,Kittle,13.800000508626303,3,6700,DEN@SF,SF,DEN,,,,,,TE/FLEX
"3736988280","134747-280845235","$40K Sun NFL Pooch Punt (Guaranteed Overlay!)","0.05","","","","","","","","","","",134747-90573:Jaylen Waddle,134747-90573,WR,Jaylen,Jaylen Waddle,Waddle,8.966666539510092,3,6600,DEN@SF,DEN,SF,,,,,,WR/FLEX
"3736988282","134747-280845235","$40K Sun NFL Pooch Punt (Guaranteed Overlay!)","0.05","","","","","","","","","","",134747-87691:Malik Willis,134747-87691,QB,Malik,Malik Willis,Willis,13.726666768391928,3,6600,MIA@MIN,MIA,MIN,,,,,,QB
"3736988283","134747-280845235","$40K Sun NFL Pooch Punt (Guaranteed Overlay!)","0.05","","","","","","","","","","",134747-188171:Jeremiyah Love,134747-188171,RB,Jeremiyah,Jeremiyah Love,Love,12.466667175292969,3,6600,ARI@NYG,ARI,NYG,,,,,,RB/FLEX
"3736988284","134747-280845235","$40K Sun NFL Pooch Punt (Guaranteed Overlay!)","0.05","","","","","","","","","","",134747-129210:Jordan Addison,134747-129210,WR,Jordan,Jordan Addison,Addison,6.866666793823242,3,6500,MIA@MIN,MIN,MIA,,,,,,WR/FLEX
"3736988285","134747-280845235","$40K Sun NFL Pooch Punt (Guaranteed Overlay!)","0.05","","","","","","","","","","",134747-24849:Jameis Winston,134747-24849,QB,Jameis,Jameis Winston,Winston,4.829999923706055,2,6500,ARI@NYG,NYG,ARI,,,,,,QB
"3736988287","134747-280845235","$40K Sun NFL Pooch Punt (Guaranteed Overlay!)","0.05","","","","","","","","","","",134747-168356:Cam Ward,134747-168356,QB,Cam,Cam Ward,Ward,14.053333282470703,3,6500,TEN@BAL,TEN,BAL,,,,,,QB
"3736988288","134747-280845235","$40K Sun NFL Pooch Punt (Guaranteed Overlay!)","0.05","","","","","","","","","","",134747-73273:David Montgomery,134747-73273,RB,David,David Montgomery,Montgomery,12.199999491373697,3,6500,DAL@HOU,HOU,DAL,,,,,,RB/FLEX
"3736988289","134747-280845235","$40K Sun NFL Pooch Punt (Guaranteed Overlay!)","0.05","","","","","","","","","","",134747-133472:Ladd McConkey,134747-133472,WR,Ladd,Ladd McConkey,McConkey,10.09999974568685,3,6400,LAC@SEA,LAC,SEA,Q,Foot,,,,WR/FLEX
"3736988290","134747-280845235","$40K Sun NFL Pooch Punt (Guaranteed Overlay!)","0.05","","","","","","","","","","",134747-22994:Case Keenum,134747-22994,QB,Case,Case Keenum,Keenum,24.479999542236328,1,6400,NYJ@CHI,CHI,NYJ,,,,,,QB
"3736988291","134747-280845235","$40K Sun NFL Pooch Punt (Guaranteed Overlay!)","0.05","","","","","","","","","","",134747-40442:Aaron Jones Sr.,134747-40442,RB,Aaron,Aaron Jones Sr.,Jones Sr.,11.733333587646484,3,6400,MIA@MIN,MIN,MIA,,,,,,RB/FLEX
"3736988292","134747-280845235","$40K Sun NFL Pooch Punt (Guaranteed Overlay!)","0.05","","","","","","","","","","",134747-135811:Jalon Daniels,134747-135811,QB,Jalon,Jalon Daniels,Daniels,-0.10000000149011612,1,6400,GB@TB,TB,GB,,,,,,QB
"3736988293","134747-280845235","$40K Sun NFL Pooch Punt (Guaranteed Overlay!)","0.05","","","","","","","","","","",134747-166916:Matthew Golden,134747-166916,WR,Matthew,Matthew Golden,Golden,13.933333079020182,3,6300,GB@TB,GB,TB,,,,,,WR/FLEX
"3736988294","134747-280845235","$40K Sun NFL Pooch Punt (Guaranteed Overlay!)","0.05","","","","","","","","","","",134747-91583:Stetson Bennett IV,134747-91583,QB,Stetson,Stetson Bennett IV,Bennett IV,0.7099999785423279,2,6300,LAR@PHI,LAR,PHI,,,,,,QB
"3736988295","134747-280845235","$40K Sun NFL Pooch Punt (Guaranteed Overlay!)","0.05","","","","","","","","","","",134747-60947:Jarrett Stidham,134747-60947,QB,Jarrett,Jarrett Stidham,Stidham,0,1,6300,DEN@SF,DEN,SF,,,,,,QB
"3736988296","134747-280845235","$40K Sun NFL Pooch Punt (Guaranteed Overlay!)","0.05","","","","","","","","","","",134747-87787:J.K. Dobbins,134747-87787,RB,J.K.,J.K. Dobbins,Dobbins,4.333333333333333,3,6300,DEN@SF,DEN,SF,,,,,,RB/FLEX
"3736988297","134747-280845235","$40K Sun NFL Pooch Punt (Guaranteed Overlay!)","0.05","","","","","","","","","","",134747-14225:Andy Dalton,134747-14225,QB,Andy,Andy Dalton,Dalton,-1,1,6300,LAR@PHI,PHI,LAR,,,,,,QB
"3736988298","134747-280845235","$40K Sun NFL Pooch Punt (Guaranteed Overlay!)","0.05","","","","","","","","","","",134747-152647:TreVeyon Henderson,134747-152647,RB,TreVeyon,TreVeyon Henderson,Henderson,8.5,2,6200,NE@BUF,NE,BUF,,,,,,RB/FLEX
"3736988299","134747-280845235","$40K Sun NFL Pooch Punt (Guaranteed Overlay!)","0.05","","","","","","","","","","",134747-151969:Miller Moss,134747-151969,QB,Miller,Miller Moss,Moss,,0,6200,NYJ@CHI,CHI,NYJ,,,,,,QB
"3736988300","134747-280845235","$40K Sun NFL Pooch Punt (Guaranteed Overlay!)","0.05","","","","","","","","","","",134747-89612:Michael Wilson,134747-89612,WR,Michael,Michael Wilson,Wilson,10.433333079020182,3,6200,ARI@NYG,ARI,NYG,,,,,,WR/FLEX
"3736988302","134747-280845235","$40K Sun NFL Pooch Punt (Guaranteed Overlay!)","0.05","","","","","","","","","","",134747-64051:Drew Lock,134747-64051,QB,Drew,Drew Lock,Lock,11.393333435058594,3,6200,LAC@SEA,SEA,LAC,,,,,,QB
"3736988304","134747-280845235","$40K Sun NFL Pooch Punt (Guaranteed Overlay!)","0.05","","","","","","","","","","",134747-145558:Dalton Kincaid,134747-145558,TE,Dalton,Dalton Kincaid,Kincaid,13.433333079020182,3,6100,NE@BUF,BUF,NE,,,,,,TE/FLEX
"3736988306","134747-280845235","$40K Sun NFL Pooch Punt (Guaranteed Overlay!)","0.05","","","","","","","","","","",134747-120033:Rome Odunze,134747-120033,WR,Rome,Rome Odunze,Odunze,5.966666539510091,3,6100,NYJ@CHI,CHI,NYJ,,,,,,WR/FLEX
"3736988307","134747-280845235","$40K Sun NFL Pooch Punt (Guaranteed Overlay!)","0.05","","","","","","","","","","",134747-144102:Kyle Monangai,134747-144102,RB,Kyle,Kyle Monangai,Monangai,10.766666412353516,3,6100,NYJ@CHI,CHI,NYJ,,,,,,RB/FLEX
"3736988308","134747-280845235","$40K Sun NFL Pooch Punt (Guaranteed Overlay!)","0.05","","","","","","","","","","",134747-175137:Fernando Mendoza,134747-175137,QB,Fernando,Fernando Mendoza,Mendoza,0,1,6000,KC@LV,LV,KC,,,,,,QB
"3736988309","134747-280845235","$40K Sun NFL Pooch Punt (Guaranteed Overlay!)","0.05","","","","","","","","","","",134747-14377:Tyrod Taylor,134747-14377,QB,Tyrod,Tyrod Taylor,Taylor,0,1,6000,GB@TB,GB,TB,,,,,,QB
"3736988310","134747-280845235","$40K Sun NFL Pooch Punt (Guaranteed Overlay!)","0.05","","","","","","","","","","",134747-57403:Courtland Sutton,134747-57403,WR,Courtland,Courtland Sutton,Sutton,4.066666603088379,3,6000,DEN@SF,DEN,SF,,,,,,WR/FLEX
"3736988312","134747-280845235","$40K Sun NFL Pooch Punt (Guaranteed Overlay!)","0.05","","","","","","","","","","",134747-152646:Kyle McCord,134747-152646,QB,Kyle,Kyle McCord,McCord,0,1,6000,MIA@MIN,MIA,MIN,,,,,,QB
"3736988313","134747-280845235","$40K Sun NFL Pooch Punt (Guaranteed Overlay!)","0.05","","","","","","","","","","",134747-104576:Sam Howell,134747-104576,QB,Sam,Sam Howell,Howell,0,1,6000,DAL@HOU,DAL,HOU,,,,,,QB
"3736988314","134747-280845235","$40K Sun NFL Pooch Punt (Guaranteed Overlay!)","0.05","","","","","","","","","","",134747-103591:Graham Mertz,134747-103591,QB,Graham,Graham Mertz,Mertz,,0,6000,DAL@HOU,HOU,DAL,IR,Knee - acl,,,,QB
"3736988315","134747-280845235","$40K Sun NFL Pooch Punt (Guaranteed Overlay!)","0.05","","","","","","","","","","",134747-160938:Quinn Ewers,134747-160938,QB,Quinn,Quinn Ewers,Ewers,0,1,6000,JAC@CIN,JAC,CIN,,,,,,QB
"3736988316","134747-280845235","$40K Sun NFL Pooch Punt (Guaranteed Overlay!)","0.05","","","","","","","","","","",134747-86200:Sean Clifford,134747-86200,QB,Sean,Sean Clifford,Clifford,,0,6000,JAC@CIN,CIN,JAC,,,,,,QB
"3736988317","134747-280845235","$40K Sun NFL Pooch Punt (Guaranteed Overlay!)","0.05","","","","","","","","","","",134747-149696:Trey Lance,134747-149696,QB,Trey,Trey Lance,Lance,0,1,6000,LAC@SEA,LAC,SEA,Q,Groin,,,,QB
"3736988318","134747-280845235","$40K Sun NFL Pooch Punt (Guaranteed Overlay!)","0.05","","","","","","","","","","",134747-93382:Aidan O'Connell,134747-93382,QB,Aidan,Aidan O'Connell,O'Connell,0,1,6000,KC@LV,LV,KC,Q,Personal,,,,QB
"3736988319","134747-280845235","$40K Sun NFL Pooch Punt (Guaranteed Overlay!)","0.05","","","","","","","","","","",134747-69833:Shane Buechele,134747-69833,QB,Shane,Shane Buechele,Buechele,3.9200000762939453,1,6000,NE@BUF,BUF,NE,,,,,,QB
"3736988320","134747-280845235","$40K Sun NFL Pooch Punt (Guaranteed Overlay!)","0.05","","","","","","","","","","",134747-151757:Garrett Nussmeier,134747-151757,QB,Garrett,Garrett Nussmeier,Nussmeier,0,1,6000,KC@LV,KC,LV,,,,,,QB
"3736988321","134747-280845235","$40K Sun NFL Pooch Punt (Guaranteed Overlay!)","0.05","","","","","","","","","","",134747-86243:Will Levis,134747-86243,QB,Will,Will Levis,Levis,,0,6000,NYJ@CHI,NYJ,CHI,,,,,,QB
"3736988323","134747-280845235","$40K Sun NFL Pooch Punt (Guaranteed Overlay!)","0.05","","","","","","","","","","",134747-91390:Joe Milton III,134747-91390,QB,Joe,Joe Milton III,Milton III,3.0799999237060547,4,6000,DAL@HOU,DAL,HOU,,,,,,QB
"3736988325","134747-280845235","$40K Sun NFL Pooch Punt (Guaranteed Overlay!)","0.05","","","","","","","","","","",134747-61798:Gardner Minshew II,134747-61798,QB,Gardner,Gardner Minshew II,Minshew II,0,1,6000,ARI@NYG,ARI,NYG,,,,,,QB
"3736988326","134747-280845235","$40K Sun NFL Pooch Punt (Guaranteed Overlay!)","0.05","","","","","","","","","","",134747-92560:Sam Ehlinger,134747-92560,QB,Sam,Sam Ehlinger,Ehlinger,0,1,6000,DEN@SF,DEN,SF,,,,,,QB
"3736988327","134747-280845235","$40K Sun NFL Pooch Punt (Guaranteed Overlay!)","0.05","","","","","","","","","","",134747-103824:Easton Stick,134747-103824,QB,Easton,Easton Stick,Stick,,0,6000,GB@TB,TB,GB,,,,,,QB
"3736988328","134747-280845235","$40K Sun NFL Pooch Punt (Guaranteed Overlay!)","0.05","","","","","","","","","","",134747-151966:Jaxson Dart,134747-151966,QB,Jaxson,Jaxson Dart,Dart,13.699999809265137,2,6000,ARI@NYG,NYG,ARI,IR,Knee - meniscus,,,,QB
"3736988329","134747-280845235","$40K Sun NFL Pooch Punt (Guaranteed Overlay!)","0.05","","","","","","","","","","",134747-70051:Tyler Huntley,134747-70051,QB,Tyler,Tyler Huntley,Huntley,0,1,6000,TEN@BAL,BAL,TEN,,,,,,QB
"3736988330","134747-280845235","$40K Sun NFL Pooch Punt (Guaranteed Overlay!)","0.05","","","","","","","","","","",134747-166314:Cade Klubnik,134747-166314,QB,Cade,Cade Klubnik,Klubnik,0,1,6000,NYJ@CHI,NYJ,CHI,,,,,,QB
"3736988331","134747-280845235","$40K Sun NFL Pooch Punt (Guaranteed Overlay!)","0.05","","","","","","","","","","",134747-91591:Justin Fields,134747-91591,QB,Justin,Justin Fields,Fields,0,1,6000,KC@LV,KC,LV,,,,,,QB
"3736988333","134747-280845235","$40K Sun NFL Pooch Punt (Guaranteed Overlay!)","0.05","","","","","","","","","","",134747-90584:Mac Jones,134747-90584,QB,Mac,Mac Jones,Jones,-0.10000000149011612,2,6000,DEN@SF,SF,DEN,,,,,,QB
"3736988335","134747-280845235","$40K Sun NFL Pooch Punt (Guaranteed Overlay!)","0.05","","","","","","","","","","",134747-152061:Behren Morton,134747-152061,QB,Behren,Behren Morton,Morton,0,1,6000,NE@BUF,NE,BUF,,,,,,QB
"3736988336","134747-280845235","$40K Sun NFL Pooch Punt (Guaranteed Overlay!)","0.05","","","","","","","","","","",134747-89607:Tanner McKee,134747-89607,QB,Tanner,Tanner McKee,McKee,0,1,6000,LAR@PHI,PHI,LAR,,,,,,QB
"3736988337","134747-280845235","$40K Sun NFL Pooch Punt (Guaranteed Overlay!)","0.05","","","","","","","","","","",134747-102933:Kedon Slovis,134747-102933,QB,Kedon,Kedon Slovis,Slovis,-0.03999999910593033,2,6000,GB@TB,GB,TB,,,,,,QB
"3736988338","134747-280845235","$40K Sun NFL Pooch Punt (Guaranteed Overlay!)","0.05","","","","","","","","","","",134747-89628:Davis Mills,134747-89628,QB,Davis,Davis Mills,Mills,0,1,6000,DAL@HOU,HOU,DAL,,,,,,QB
"3736988339","134747-280845235","$40K Sun NFL Pooch Punt (Guaranteed Overlay!)","0.05","","","","","","","","","","",134747-94748:Tommy DeVito,134747-94748,QB,Tommy,Tommy DeVito,DeVito,1.399999976158142,1,6000,NE@BUF,NE,BUF,,,,,,QB
"3736988341","134747-280845235","$40K Sun NFL Pooch Punt (Guaranteed Overlay!)","0.05","","","","","","","","","","",134747-6714:Joe Flacco,134747-6714,QB,Joe,Joe Flacco,Flacco,0,1,6000,JAC@CIN,CIN,JAC,,,,,,QB
"3736988342","134747-280845235","$40K Sun NFL Pooch Punt (Guaranteed Overlay!)","0.05","","","","","","","","","","",134747-41562:Nick Mullens,134747-41562,QB,Nick,Nick Mullens,Mullens,-0.30000001192092896,1,6000,JAC@CIN,JAC,CIN,,,,,,QB
"3736988343","134747-280845235","$40K Sun NFL Pooch Punt (Guaranteed Overlay!)","0.05","","","","","","","","","","",134747-208491:Cole Payton,134747-208491,QB,Cole,Cole Payton,Payton,0,1,6000,LAR@PHI,PHI,LAR,,,,,,QB
"3736988344","134747-280845235","$40K Sun NFL Pooch Punt (Guaranteed Overlay!)","0.05","","","","","","","","","","",134747-187015:Joey Aguilar,134747-187015,QB,Joey,Joey Aguilar,Aguilar,,0,6000,JAC@CIN,JAC,CIN,,,,,,QB
"3736988345","134747-280845235","$40K Sun NFL Pooch Punt (Guaranteed Overlay!)","0.05","","","","","","","","","","",134747-184983:Joe Fagnano,134747-184983,QB,Joe,Joe Fagnano,Fagnano,0,1,6000,TEN@BAL,BAL,TEN,,,,,,QB
"3736988346","134747-280845235","$40K Sun NFL Pooch Punt (Guaranteed Overlay!)","0.05","","","","","","","","","","",134747-69294:Skylar Thompson,134747-69294,QB,Skylar,Skylar Thompson,Thompson,,0,6000,TEN@BAL,BAL,TEN,IR,Undisclosed,,,,QB
"3736988347","134747-280845235","$40K Sun NFL Pooch Punt (Guaranteed Overlay!)","0.05","","","","","","","","","","",134747-70324:Carson Wentz,134747-70324,QB,Carson,Carson Wentz,Wentz,8.513333638509115,3,6000,MIA@MIN,MIN,MIA,,,,,,QB
"3736988348","134747-280845235","$40K Sun NFL Pooch Punt (Guaranteed Overlay!)","0.05","","","","","","","","","","",134747-38628:Mitchell Trubisky,134747-38628,QB,Mitchell,Mitchell Trubisky,Trubisky,0,1,6000,TEN@BAL,TEN,BAL,,,,,,QB
"3736988349","134747-280845235","$40K Sun NFL Pooch Punt (Guaranteed Overlay!)","0.05","","","","","","","","","","",134747-137967:Blake Corum,134747-137967,RB,Blake,Blake Corum,Corum,5.866666793823242,3,6000,LAR@PHI,LAR,PHI,,,,,,RB/FLEX
"3736988350","134747-280845235","$40K Sun NFL Pooch Punt (Guaranteed Overlay!)","0.05","","","","","","","","","","",134747-86793:Jake Haener,134747-86793,QB,Jake,Jake Haener,Haener,0,1,6000,ARI@NYG,NYG,ARI,,,,,,QB
"3736988351","134747-280845235","$40K Sun NFL Pooch Punt (Guaranteed Overlay!)","0.05","","","","","","","","","","",134747-8023:Josh Johnson,134747-8023,QB,Josh,Josh Johnson,Johnson,8.793333053588867,3,6000,JAC@CIN,CIN,JAC,,,,,,QB
"3736988354","134747-280845235","$40K Sun NFL Pooch Punt (Guaranteed Overlay!)","0.05","","","","","","","","","","",134747-119641:Brady Cook,134747-119641,QB,Brady,Brady Cook,Cook,0,1,6000,MIA@MIN,MIA,MIN,,,,,,QB
"3736988355","134747-280845235","$40K Sun NFL Pooch Punt (Guaranteed Overlay!)","0.05","","","","","","","","","","",134747-154462:Jalen Milroe,134747-154462,QB,Jalen,Jalen Milroe,Milroe,0,1,6000,LAC@SEA,SEA,LAC,,,,,,QB
"3736988356","134747-280845235","$40K Sun NFL Pooch Punt (Guaranteed Overlay!)","0.05","","","","","","","","","","",134747-53095:Kyle Allen,134747-53095,QB,Kyle,Kyle Allen,Allen,0,1,6000,NE@BUF,BUF,NE,,,,,,QB
"3736988357","134747-280845235","$40K Sun NFL Pooch Punt (Guaranteed Overlay!)","0.05","","","","","","","","","","",134747-104306:Kurtis Rourke,134747-104306,QB,Kurtis,Kurtis Rourke,Rourke,0,1,6000,DEN@SF,SF,DEN,,,,,,QB
"3736988359","134747-280845235","$40K Sun NFL Pooch Punt (Guaranteed Overlay!)","0.05","","","","","","","","","","",134747-119670:Carson Beck,134747-119670,QB,Carson,Carson Beck,Beck,0,1,6000,ARI@NYG,ARI,NYG,,,,,,QB
"3736988360","134747-280845235","$40K Sun NFL Pooch Punt (Guaranteed Overlay!)","0.05","","","","","","","","","","",134747-166781:Ty Simpson,134747-166781,QB,Ty,Ty Simpson,Simpson,0,1,6000,LAR@PHI,LAR,PHI,,,,,,QB
"3736988362","134747-280845235","$40K Sun NFL Pooch Punt (Guaranteed Overlay!)","0.05","","","","","","","","","","",134747-160669:Matthew Caldwell,134747-160669,QB,Matthew,Matthew Caldwell,Caldwell,,0,6000,LAR@PHI,LAR,PHI,IR,Undisclosed,,,,QB
"3736988363","134747-280845235","$40K Sun NFL Pooch Punt (Guaranteed Overlay!)","0.05","","","","","","","","","","",134747-200653:Max Brosmer,134747-200653,QB,Max,Max Brosmer,Brosmer,1.1742857524326868,7,6000,MIA@MIN,MIN,MIA,,,,,,QB
"3736988365","134747-280845235","$40K Sun NFL Pooch Punt (Guaranteed Overlay!)","0.05","","","","","","","","","","",134747-85983:Hendon Hooker,134747-85983,QB,Hendon,Hendon Hooker,Hooker,,0,6000,TEN@BAL,TEN,BAL,,,,,,QB
"3736988367","134747-280845235","$40K Sun NFL Pooch Punt (Guaranteed Overlay!)","0.05","","","","","","","","","","",134747-129010:DJ Uiagalelei,134747-129010,QB,DJ,DJ Uiagalelei,Uiagalelei,0,1,6000,LAC@SEA,LAC,SEA,,,,,,QB
"3736988370","134747-280845235","$40K Sun NFL Pooch Punt (Guaranteed Overlay!)","0.05","","","","","","","","","","",134747-152575:J.J. McCarthy,134747-152575,QB,J.J.,J.J. McCarthy,McCarthy,0,1,6000,ARI@NYG,NYG,ARI,,,,,,QB
"3736988372","134747-280845235","$40K Sun NFL Pooch Punt (Guaranteed Overlay!)","0.05","","","","","","","","","","",134747-152655:Emeka Egbuka,134747-152655,WR,Emeka,Emeka Egbuka,Egbuka,8.766666412353516,3,5900,GB@TB,TB,GB,,,,,,WR/FLEX
"3736988373","134747-280845235","$40K Sun NFL Pooch Punt (Guaranteed Overlay!)","0.05","","","","","","","","","","",134747-166112:Ollie Gordon II,134747-166112,RB,Ollie,Ollie Gordon II,Gordon II,6.849999904632568,2,5900,MIA@MIN,MIA,MIN,,,,,,RB/FLEX
"3736988374","134747-280845235","$40K Sun NFL Pooch Punt (Guaranteed Overlay!)","0.05","","","","","","","","","","",134747-152103:Jaylen Wright,134747-152103,RB,Jaylen,Jaylen Wright,Wright,0.3333333333333333,3,5900,MIA@MIN,MIA,MIN,,,,,,RB/FLEX
"3736988375","134747-280845235","$40K Sun NFL Pooch Punt (Guaranteed Overlay!)","0.05","","","","","","","","","","",134747-110457:Dontayvion Wicks,134747-110457,WR,Dontayvion,Dontayvion Wicks,Wicks,9.466666539510092,3,5900,LAR@PHI,PHI,LAR,,,,,,WR/FLEX
"3736988377","134747-280845235","$40K Sun NFL Pooch Punt (Guaranteed Overlay!)","0.05","","","","","","","","","","",134747-103619:Tre Tucker,134747-103619,WR,Tre,Tre Tucker,Tucker,11.133333841959635,3,5800,KC@LV,LV,KC,,,,,,WR/FLEX
"3736988378","134747-280845235","$40K Sun NFL Pooch Punt (Guaranteed Overlay!)","0.05","","","","","","","","","","",134747-166092:Luther Burden III,134747-166092,WR,Luther,Luther Burden III,Burden III,9.333333333333334,3,5800,NYJ@CHI,CHI,NYJ,,,,,,WR/FLEX
"3736988379","134747-280845235","$40K Sun NFL Pooch Punt (Guaranteed Overlay!)","0.05","","","","","","","","","","",134747-63759:Tony Pollard,134747-63759,RB,Tony,Tony Pollard,Pollard,7.5,3,5800,TEN@BAL,TEN,BAL,,,,,,RB/FLEX
"3736988380","134747-280845235","$40K Sun NFL Pooch Punt (Guaranteed Overlay!)","0.05","","","","","","","","","","",134747-160303:Tucker Kraft,134747-160303,TE,Tucker,Tucker Kraft,Kraft,5.033333460489909,3,5800,GB@TB,GB,TB,,,,,,TE/FLEX
"3736988382","134747-280845235","$40K Sun NFL Pooch Punt (Guaranteed Overlay!)","0.05","","","","","","","","","","",134747-85845:Rashod Bateman,134747-85845,WR,Rashod,Rashod Bateman,Bateman,7.666666666666667,3,5800,TEN@BAL,BAL,TEN,,,,,,WR/FLEX
"3736988383","134747-280845235","$40K Sun NFL Pooch Punt (Guaranteed Overlay!)","0.05","","","","","","","","","","",134747-110484:RJ Harvey,134747-110484,RB,RJ,RJ Harvey,Harvey,6.900000095367432,2,5800,DEN@SF,DEN,SF,,,,,,RB/FLEX
"3736988384","134747-280845235","$40K Sun NFL Pooch Punt (Guaranteed Overlay!)","0.05","","","","","","","","","","",134747-63634:Jakobi Meyers,134747-63634,WR,Jakobi,Jakobi Meyers,Meyers,10.133333206176758,3,5700,JAC@CIN,JAC,CIN,Q,Thumb,,,,WR/FLEX
"3736988385","134747-280845235","$40K Sun NFL Pooch Punt (Guaranteed Overlay!)","0.05","","","","","","","","","","",134747-158974:Xavier Worthy,134747-158974,WR,Xavier,Xavier Worthy,Worthy,5.766666412353516,3,5700,KC@LV,KC,LV,,,,,,WR/FLEX
"","","","","","","","","","","","","","",134747-86518:Khalil Shakir,134747-86518,WR,Khalil,Khalil Shakir,Shakir,4.466666539510091,3,5700,NE@BUF,BUF,NE,,,,,,WR/FLEX
"","","","","","","","","","","","","","",134747-25267:Mack Hollins,134747-25267,WR,Mack,Mack Hollins,Hollins,7.200000127156575,3,5700,NE@BUF,NE,BUF,,,,,,WR/FLEX
"","","","","","","","","","","","","","",134747-166588:Colston Loveland,134747-166588,TE,Colston,Colston Loveland,Loveland,1.9666666984558105,3,5700,NYJ@CHI,CHI,NYJ,,,,,,TE/FLEX
"","","","","","","","","","","","","","",134747-158412:Braelon Allen,134747-158412,RB,Braelon,Braelon Allen,Allen,5.066666603088379,3,5700,NYJ@CHI,NYJ,CHI,,,,,,RB/FLEX
"","","","","","","","","","","","","","",134747-111540:Rhamondre Stevenson,134747-111540,RB,Rhamondre,Rhamondre Stevenson,Stevenson,6.799999872843425,3,5700,NE@BUF,NE,BUF,,,,,,RB/FLEX
"","","","","","","","","","","","","","",134747-110974:Malik Washington,134747-110974,WR,Malik,Malik Washington,Washington,6.700000127156575,3,5600,MIA@MIN,MIA,MIN,,,,,,WR/FLEX
"","","","","","","","","","","","","","",134747-183756:Carnell Tate,134747-183756,WR,Carnell,Carnell Tate,Tate,6.266666412353516,3,5600,TEN@BAL,TEN,BAL,,,,,,WR/FLEX
"","","","","","","","","","","","","","",134747-185861:Emanuel Wilson,134747-185861,RB,Emanuel,Emanuel Wilson,Wilson,3.633333206176758,3,5600,LAC@SEA,SEA,LAC,,,,,,RB/FLEX
"","","","","","","","","","","","","","",134747-138774:Woody Marks,134747-138774,RB,Woody,Woody Marks,Marks,6.366666793823242,3,5600,DAL@HOU,HOU,DAL,,,,,,RB/FLEX
"","","","","","","","","","","","","","",134747-55042:Dalton Schultz,134747-55042,TE,Dalton,Dalton Schultz,Schultz,11,3,5600,DAL@HOU,HOU,DAL,,,,,,TE/FLEX
"","","","","","","","","","","","","","",134747-29501:Brandin Cooks,134747-29501,WR,Brandin,Brandin Cooks,Cooks,3.546666717529297,15,5600,DEN@SF,SF,DEN,,,,,,WR/FLEX
"","","","","","","","","","","","","","",134747-119788:Xavier Hutchinson,134747-119788,WR,Xavier,Xavier Hutchinson,Hutchinson,5.633333206176758,3,5600,DAL@HOU,HOU,DAL,,,,,,WR/FLEX
"","","","","","","","","","","","","","",134747-152651:Marvin Harrison Jr.,134747-152651,WR,Marvin,Marvin Harrison Jr.,Harrison Jr.,3.1000000635782876,3,5500,ARI@NYG,ARI,NYG,,,,,,WR/FLEX
"","","","","","","","","","","","","","",134747-183380:Makai Lemon,134747-183380,WR,Makai,Makai Lemon,Lemon,2.2666667302449546,3,5500,LAR@PHI,PHI,LAR,,,,,,WR/FLEX
"","","","","","","","","","","","","","",134747-94370:Romeo Doubs,134747-94370,WR,Romeo,Romeo Doubs,Doubs,5.833333333333333,3,5500,NE@BUF,NE,BUF,,,,,,WR/FLEX
"","","","","","","","","","","","","","",134747-151745:Brian Thomas Jr.,134747-151745,WR,Brian,Brian Thomas Jr.,Thomas Jr.,4.100000063578288,3,5500,JAC@CIN,JAC,CIN,,,,,,WR/FLEX
"","","","","","","","","","","","","","",134747-33076:Travis Kelce,134747-33076,TE,Travis,Travis Kelce,Kelce,15.033332824707031,3,5500,KC@LV,KC,LV,,,,,,TE/FLEX
"","","","","","","","","","","","","","",134747-169381:Jadarian Price,134747-169381,RB,Jadarian,Jadarian Price,Price,4,3,5500,LAC@SEA,SEA,LAC,Q,Chest,,,,RB/FLEX
"","","","","","","","","","","","","","",134747-128693:Tank Bigsby,134747-128693,RB,Tank,Tank Bigsby,Bigsby,3.366666793823242,3,5500,LAR@PHI,PHI,LAR,,,,,,RB/FLEX
"","","","","","","","","","","","","","",134747-79970:Cooper Kupp,134747-79970,WR,Cooper,Cooper Kupp,Kupp,6.700000127156575,3,5400,LAC@SEA,SEA,LAC,,,,,,WR/FLEX
"","","","","","","","","","","","","","",134747-61593:Jauan Jennings,134747-61593,WR,Jauan,Jauan Jennings,Jennings,0.30000001192092896,2,5400,MIA@MIN,MIN,MIA,,,,,,WR/FLEX
"","","","","","","","","","","","","","",134747-90428:Tyler Allgeier,134747-90428,RB,Tyler,Tyler Allgeier,Allgeier,4.600000063578288,3,5400,ARI@NYG,ARI,NYG,,,,,,RB/FLEX
"","","","","","","","","","","","","","",134747-55635:Chris Godwin Jr.,134747-55635,WR,Chris,Chris Godwin Jr.,Godwin Jr.,5.866666793823242,3,5400,GB@TB,TB,GB,,,,,,WR/FLEX
"","","","","","","","","","","","","","",134747-129546:Tre' Harris,134747-129546,WR,Tre',Tre' Harris,Harris,6.633333206176758,3,5400,LAC@SEA,LAC,SEA,,,,,,WR/FLEX
"","","","","","","","","","","","","","",134747-89680:Jake Ferguson,134747-89680,TE,Jake,Jake Ferguson,Ferguson,9.233333587646484,3,5400,DAL@HOU,DAL,HOU,,,,,,TE/FLEX
"","","","","","","","","","","","","","",134747-120639:Quentin Johnston,134747-120639,WR,Quentin,Quentin Johnston,Johnston,3.366666793823242,3,5400,LAC@SEA,LAC,SEA,,,,,,WR/FLEX
"","","","","","","","","","","","","","",134747-119697:MarShawn Lloyd,134747-119697,RB,MarShawn,MarShawn Lloyd,Lloyd,4.700000127156575,3,5400,GB@TB,GB,TB,,,,,,RB/FLEX
"","","","","","","","","","","","","","",134747-87127:Chris Rodriguez Jr.,134747-87127,RB,Chris,Chris Rodriguez Jr.,Rodriguez Jr.,4.433333396911621,3,5300,JAC@CIN,JAC,CIN,,,,,,RB/FLEX
"","","","","","","","","","","","","","",134747-103539:Wan'Dale Robinson,134747-103539,WR,Wan'Dale,Wan'Dale Robinson,Robinson,7.633333206176758,3,5300,TEN@BAL,TEN,BAL,,,,,,WR/FLEX
"","","","","","","","","","","","","","",134747-151915:Terrance Ferguson,134747-151915,TE,Terrance,Terrance Ferguson,Ferguson,5.266666730244954,3,5300,LAR@PHI,LAR,PHI,D,Ankle,,,,TE/FLEX
"","","","","","","","","","","","","","",134747-152007:Jaylin Noel,134747-152007,WR,Jaylin,Jaylin Noel,Noel,4.899999936421712,3,5300,DAL@HOU,HOU,DAL,,,,,,WR/FLEX
"","","","","","","","","","","","","","",134747-206341:Ted Hurst III,134747-206341,WR,Ted,Ted Hurst III,Hurst III,6.433333079020183,3,5300,GB@TB,TB,GB,,,,,,WR/FLEX
"","","","","","","","","","","","","","",134747-184873:Kenyon Sadiq,134747-184873,TE,Kenyon,Kenyon Sadiq,Sadiq,11.866666158040365,3,5300,NYJ@CHI,NYJ,CHI,Q,Back,,,,TE/FLEX
"","","","","","","","","","","","","","",134747-157467:Keon Coleman,134747-157467,WR,Keon,Keon Coleman,Coleman,4.700000127156575,3,5300,NE@BUF,BUF,NE,Q,Ankle,,,,WR/FLEX
"","","","","","","","","","","","","","",134747-119653:Kayshon Boutte,134747-119653,WR,Kayshon,Kayshon Boutte,Boutte,3.633333206176758,3,5300,DAL@HOU,HOU,DAL,,,,,,WR/FLEX
"","","","","","","","","","","","","","",134747-155551:Pat Bryant,134747-155551,WR,Pat,Pat Bryant,Bryant,7.066666920979817,3,5300,DEN@SF,DEN,SF,,,,,,WR/FLEX
"","","","","","","","","","","","","","",134747-168916:Kaleb Johnson,134747-168916,RB,Kaleb,Kaleb Johnson,Johnson,1.7666667302449544,3,5300,GB@TB,GB,TB,,,,,,RB/FLEX
"","","","","","","","","","","","","","",134747-69777:Darnell Mooney,134747-69777,WR,Darnell,Darnell Mooney,Mooney,4.466666539510091,3,5200,ARI@NYG,NYG,ARI,,,,,,WR/FLEX
"","","","","","","","","","","","","","",134747-52436:Mark Andrews,134747-52436,TE,Mark,Mark Andrews,Andrews,6.233333587646484,3,5200,TEN@BAL,BAL,TEN,,,,,,TE/FLEX
"","","","","","","","","","","","","","",134747-151789:Adonai Mitchell,134747-151789,WR,Adonai,Adonai Mitchell,Mitchell,5.599999745686849,3,5200,NYJ@CHI,NYJ,CHI,O,Finger,,,,WR/FLEX
"","","","","","","","","","","","","","",134747-154000:Konata Mumpfield,134747-154000,WR,Konata,Konata Mumpfield,Mumpfield,6.333333333333333,3,5200,LAR@PHI,LAR,PHI,,,,,,WR/FLEX
"","","","","","","","","","","","","","",134747-89588:Colby Parkinson,134747-89588,TE,Colby,Colby Parkinson,Parkinson,1.1999999682108562,3,5200,LAR@PHI,LAR,PHI,Q,Shoulder - ac joint,,,,TE/FLEX
"","","","","","","","","","","","","","",134747-63050:Ty Johnson,134747-63050,RB,Ty,Ty Johnson,Johnson,7,1,5200,NE@BUF,BUF,NE,,,,,,RB/FLEX
"","","","","","","","","","","","","","",134747-70422:Kalif Raymond,134747-70422,WR,Kalif,Kalif Raymond,Raymond,12.300000508626303,3,5200,NYJ@CHI,CHI,NYJ,,,,,,WR/FLEX
"","","","","","","","","","","","","","",134747-103195:Jordan Whittington,134747-103195,WR,Jordan,Jordan Whittington,Whittington,0.6499999761581421,2,5200,LAR@PHI,LAR,PHI,,,,,,WR/FLEX
"","","","","","","","","","","","","","",134747-134014:Jordan Watkins,134747-134014,WR,Jordan,Jordan Watkins,Watkins,7,1,5200,DEN@SF,SF,DEN,,,,,,WR/FLEX
"","","","","","","","","","","","","","",134747-134023:Keaton Mitchell,134747-134023,RB,Keaton,Keaton Mitchell,Mitchell,5.833333333333333,3,5200,LAC@SEA,LAC,SEA,Q,Ankle,,,,RB/FLEX
"","","","","","","","","","","","","","",134747-156740:Malachi Fields,134747-156740,WR,Malachi,Malachi Fields,Fields,3.4666665395100913,3,5100,ARI@NYG,NYG,ARI,,,,,,WR/FLEX
"","","","","","","","","","","","","","",134747-103587:Brenton Strange,134747-103587,TE,Brenton,Brenton Strange,Strange,5.566666920979817,3,5100,JAC@CIN,JAC,CIN,,,,,,TE/FLEX
"","","","","","","","","","","","","","",134747-87260:Isaiah Likely,134747-87260,TE,Isaiah,Isaiah Likely,Likely,10.633333206176758,3,5100,ARI@NYG,NYG,ARI,,,,,,TE/FLEX
"","","","","","","","","","","","","","",134747-111876:DeMario Douglas,134747-111876,WR,DeMario,DeMario Douglas,Douglas,3.3999999364217124,3,5100,NE@BUF,NE,BUF,,,,,,WR/FLEX
"","","","","","","","","","","","","","",134747-170287:Rashid Shaheed,134747-170287,WR,Rashid,Rashid Shaheed,Shaheed,2.8999999364217124,3,5100,LAC@SEA,SEA,LAC,,,,,,WR/FLEX
"","","","","","","","","","","","","","",134747-80289:Kendrick Bourne,134747-80289,WR,Kendrick,Kendrick Bourne,Bourne,5.599999745686849,3,5100,ARI@NYG,ARI,NYG,,,,,,WR/FLEX
"","","","","","","","","","","","","","",134747-201233:Ryan Flournoy,134747-201233,WR,Ryan,Ryan Flournoy,Flournoy,3.7333332697550454,3,5100,DAL@HOU,DAL,HOU,,,,,,WR/FLEX
"","","","","","","","","","","","","","",134747-114530:Jacob Cowing,134747-114530,WR,Jacob,Jacob Cowing,Cowing,0,3,5100,DEN@SF,SF,DEN,,,,,,WR/FLEX
"","","","","","","","","","","","","","",134747-56265:Mike Gesicki,134747-56265,TE,Mike,Mike Gesicki,Gesicki,13.75,2,5100,JAC@CIN,CIN,JAC,,,,,,TE/FLEX
"","","","","","","","","","","","","","",134747-152520:Will Shipley,134747-152520,RB,Will,Will Shipley,Shipley,2.3999999364217124,3,5100,LAR@PHI,PHI,LAR,Q,Foot,,,,RB/FLEX
"","","","","","","","","","","","","","",134747-166860:Emmett Johnson,134747-166860,RB,Emmett,Emmett Johnson,Johnson,4.666666666666667,3,5100,KC@LV,KC,LV,,,,,,RB/FLEX
"","","","","","","","","","","","","","",134747-83074:Dallas Goedert,134747-83074,TE,Dallas,Dallas Goedert,Goedert,7.533333460489909,3,5000,LAR@PHI,PHI,LAR,D,Knee - mcl,,,,TE/FLEX
"","","","","","","","","","","","","","",134747-89220:Tyquan Thornton,134747-89220,WR,Tyquan,Tyquan Thornton,Thornton,4.600000063578288,3,5000,KC@LV,KC,LV,,,,,,WR/FLEX
"","","","","","","","","","","","","","",134747-12540:Minnesota Vikings,134747-12540,D,Minnesota,Minnesota Vikings,Vikings,14,3,5000,MIA@MIN,MIN,MIA,,,,,,DEF
"","","","","","","","","","","","","","",134747-33047:Chris Moore,134747-33047,WR,Chris,Chris Moore,Moore,4.600000063578288,3,5000,TEN@BAL,BAL,TEN,Q,Ankle,,,,WR/FLEX
"","","","","","","","","","","","","","",134747-154008:Mike Washington Jr.,134747-154008,RB,Mike,Mike Washington Jr.,Washington Jr.,5.400000254313151,3,5000,KC@LV,LV,KC,,,,,,RB/FLEX
"","","","","","","","","","","","","","",134747-172647:Caleb Douglas,134747-172647,WR,Caleb,Caleb Douglas,Douglas,4.933333396911621,3,5000,MIA@MIN,MIA,MIN,O,Ankle,,,,WR/FLEX
"","","","","","","","","","","","","","",134747-128624:Tez Johnson,134747-128624,WR,Tez,Tez Johnson,Johnson,2.1000000635782876,3,5000,GB@TB,TB,GB,,,,,,WR/FLEX
"","","","","","","","","","","","","","",134747-92859:Jalen Nailor,134747-92859,WR,Jalen,Jalen Nailor,Nailor,2.566666603088379,3,5000,KC@LV,LV,KC,,,,,,WR/FLEX
"","","","","","","","","","","","","","",134747-158438:Oronde Gadsden II,134747-158438,TE,Oronde,Oronde Gadsden II,Gadsden II,4.333333333333333,3,5000,LAC@SEA,LAC,SEA,,,,,,TE/FLEX
"","","","","","","","","","","","","","",134747-172861:Elic Ayomanor,134747-172861,WR,Elic,Elic Ayomanor,Ayomanor,5.700000127156575,3,5000,TEN@BAL,TEN,BAL,,,,,,WR/FLEX
"","","","","","","","","","","","","","",134747-40845:Hunter Henry,134747-40845,TE,Hunter,Hunter Henry,Henry,3.5333334604899087,3,5000,NE@BUF,NE,BUF,,,,,,TE/FLEX
"","","","","","","","","","","","","","",134747-41872:Evan Engram,134747-41872,TE,Evan,Evan Engram,Engram,4.833333333333333,3,5000,DEN@SF,DEN,SF,,,,,,TE/FLEX
"","","","","","","","","","","","","","",134747-167881:Kaelon Black,134747-167881,RB,Kaelon,Kaelon Black,Black,3.8999999364217124,3,5000,DEN@SF,SF,DEN,,,,,,RB/FLEX
"","","","","","","","","","","","","","",134747-71706:T.J. Hockenson,134747-71706,TE,T.J.,T.J. Hockenson,Hockenson,6.033333460489909,3,4900,MIA@MIN,MIN,MIA,,,,,,TE/FLEX
"","","","","","","","","","","","","","",134747-64555:Calvin Ridley,134747-64555,WR,Calvin,Calvin Ridley,Ridley,2.25,2,4900,TEN@BAL,TEN,BAL,,,,,,WR/FLEX
"","","","","","","","","","","","","","",134747-171217:Demond Claiborne,134747-171217,RB,Demond,Demond Claiborne,Claiborne,0.4000000059604645,2,4900,MIA@MIN,MIN,MIA,,,,,,RB/FLEX
"","","","","","","","","","","","","","",134747-12555:Baltimore Ravens,134747-12555,D,Baltimore,Baltimore Ravens,Ravens,4.333333333333333,3,4900,TEN@BAL,BAL,TEN,,,,,,DEF
"","","","","","","","","","","","","","",134747-120093:Marvin Mims Jr.,134747-120093,WR,Marvin,Marvin Mims Jr.,Mims Jr.,0,2,4900,DEN@SF,DEN,SF,,,,,,WR/FLEX
"","","","","","","","","","","","","","",134747-112041:Isaiah Williams,134747-112041,WR,Isaiah,Isaiah Williams,Williams,3.866666793823242,3,4900,NYJ@CHI,NYJ,CHI,,,,,,WR/FLEX
"","","","","","","","","","","","","","",134747-90575:Najee Harris,134747-90575,RB,Najee,Najee Harris,Harris,2.9000000953674316,2,4900,ARI@NYG,NYG,ARI,,,,,,RB/FLEX
"","","","","","","","","","","","","","",134747-92890:Cody White,134747-92890,WR,Cody,Cody White,White,7.433333079020183,3,4900,KC@LV,LV,KC,,,,,,WR/FLEX
"","","","","","","","","","","","","","",134747-137953:AJ Barner,134747-137953,TE,AJ,AJ Barner,Barner,6.366666793823242,3,4900,LAC@SEA,SEA,LAC,,,,,,TE/FLEX
"","","","","","","","","","","","","","",134747-86811:Cade Otton,134747-86811,TE,Cade,Cade Otton,Otton,5.833333333333333,3,4900,GB@TB,TB,GB,,,,,,TE/FLEX
"","","","","","","","","","","","","","",134747-90912:Kenny Gainwell,134747-90912,RB,Kenny,Kenny Gainwell,Gainwell,2.433333396911621,3,4900,GB@TB,TB,GB,,,,,,RB/FLEX
"","","","","","","","","","","","","","",134747-170825:Chris Bell,134747-170825,WR,Chris,Chris Bell,Bell,3.8999999364217124,3,4900,MIA@MIN,MIA,MIN,Q,Knee,,,,WR/FLEX
"","","","","","","","","","","","","","",134747-29780:Zach Ertz,134747-29780,TE,Zach,Zach Ertz,Ertz,1.399999976158142,1,4800,LAR@PHI,PHI,LAR,,,,,,TE/FLEX
"","","","","","","","","","","","","","",134747-12533:Green Bay Packers,134747-12533,D,Green Bay,Green Bay Packers,Packers,1.3333333333333333,3,4800,GB@TB,GB,TB,,,,,,DEF
"","","","","","","","","","","","","","",134747-151903:Troy Franklin,134747-151903,WR,Troy,Troy Franklin,Franklin,2.1000000635782876,3,4800,DEN@SF,DEN,SF,,,,,,WR/FLEX
"","","","","","","","","","","","","","",134747-87418:Joshua Palmer,134747-87418,WR,Joshua,Joshua Palmer,Palmer,6.900000254313151,3,4800,NE@BUF,BUF,NE,,,,,,WR/FLEX
"","","","","","","","","","","","","","",134747-241064:Dohnte Meyers,134747-241064,WR,Dohnte,Dohnte Meyers,Meyers,2.566666603088379,3,4800,JAC@CIN,CIN,JAC,,,,,,WR/FLEX
"","","","","","","","","","","","","","",134747-112062:Skyy Moore,134747-112062,WR,Skyy,Skyy Moore,Moore,2.066666603088379,3,4800,GB@TB,GB,TB,,,,,,WR/FLEX
"","","","","","","","","","","","","","",134747-113096:Xavier Smith,134747-113096,WR,Xavier,Xavier Smith,Smith,0,3,4800,LAR@PHI,LAR,PHI,,,,,,WR/FLEX
"","","","","","","","","","","","","","",134747-114231:George Holani,134747-114231,RB,George,George Holani,Holani,4.399999936421712,3,4800,LAC@SEA,SEA,LAC,Q,Ribs,,,,RB/FLEX
"","","","","","","","","","","","","","",134747-134837:Tory Horton,134747-134837,WR,Tory,Tory Horton,Horton,6.300000190734863,1,4800,LAC@SEA,SEA,LAC,,,,,,WR/FLEX
"","","","","","","","","","","","","","",134747-91931:Greg Dulcich,134747-91931,TE,Greg,Greg Dulcich,Dulcich,4.5,3,4800,MIA@MIN,MIA,MIN,,,,,,TE/FLEX
"","","","","","","","","","","","","","",134747-107293:Tyjae Spears,134747-107293,RB,Tyjae,Tyjae Spears,Spears,3.9666665395100913,3,4800,TEN@BAL,TEN,BAL,Q,Ankle,,,,RB/FLEX
"","","","","","","","","","","","","","",134747-91047:Cole Kmet,134747-91047,TE,Cole,Cole Kmet,Kmet,3.5,3,4800,NYJ@CHI,CHI,NYJ,,,,,,TE/FLEX
"","","","","","","","","","","","","","",134747-70603:Devin Singletary,134747-70603,RB,Devin,Devin Singletary,Singletary,4.233333269755046,3,4800,ARI@NYG,NYG,ARI,,,,,,RB/FLEX
"","","","","","","","","","","","","","",134747-52451:Samaje Perine,134747-52451,RB,Samaje,Samaje Perine,Perine,3.7000001271565757,3,4700,JAC@CIN,CIN,JAC,,,,,,RB/FLEX
"","","","","","","","","","","","","","",134747-120042:Jalen McMillan,134747-120042,WR,Jalen,Jalen McMillan,McMillan,0,1,4700,GB@TB,TB,GB,IR,Knee - pcl,,,,WR/FLEX
"","","","","","","","","","","","","","",134747-12550:Seattle Seahawks,134747-12550,D,Seattle,Seattle Seahawks,Seahawks,7.666666666666667,3,4700,LAC@SEA,SEA,LAC,,,,,,DEF
"","","","","","","","","","","","","","",134747-40371:Johnny Mundt,134747-40371,TE,Johnny,Johnny Mundt,Mundt,0.9000000158945719,3,4700,LAR@PHI,PHI,LAR,,,,,,TE/FLEX
"","","","","","","","","","","","","","",134747-160213:Isaiah Davis,134747-160213,RB,Isaiah,Isaiah Davis,Davis,0,2,4700,NYJ@CHI,NYJ,CHI,,,,,,RB/FLEX
"","","","","","","","","","","","","","",134747-112101:Jared Wayne,134747-112101,WR,Jared,Jared Wayne,Wayne,2.8333333333333335,3,4700,DAL@HOU,HOU,DAL,,,,,,WR/FLEX
"","","","","","","","","","","","","","",134747-60957:KaVontae Turpin,134747-60957,WR,KaVontae,KaVontae Turpin,Turpin,3.2333332697550454,3,4700,DAL@HOU,DAL,HOU,,,,,,WR/FLEX
"","","","","","","","","","","","","","",134747-152148:Gunnar Helm,134747-152148,TE,Gunnar,Gunnar Helm,Helm,3.1666666666666665,3,4700,TEN@BAL,TEN,BAL,,,,,,TE/FLEX
"","","","","","","","","","","","","","",134747-86687:Hollywood Brown,134747-86687,WR,Hollywood,Hollywood Brown,Brown,0.6000000238418579,2,4700,LAR@PHI,PHI,LAR,Q,Ankle,,,,WR/FLEX
"","","","","","","","","","","","","","",134747-138998:Michael Mayer,134747-138998,TE,Michael,Michael Mayer,Mayer,6.900000254313151,3,4700,KC@LV,LV,KC,,,,,,TE/FLEX
"","","","","","","","","","","","","","",134747-92976:Tutu Atwell,134747-92976,WR,Tutu,Tutu Atwell,Atwell,1.2000000476837158,2,4700,LAR@PHI,LAR,PHI,,,,,,WR/FLEX
"","","","","","","","","","","","","","",134747-71521:Justice Hill,134747-71521,RB,Justice,Justice Hill,Hill,3.133333206176758,3,4700,TEN@BAL,BAL,TEN,,,,,,RB/FLEX
"","","","","","","","","","","","","","",134747-156527:Devontez Walker,134747-156527,WR,Devontez,Devontez Walker,Walker,2.5999999046325684,2,4700,TEN@BAL,BAL,TEN,,,,,,WR/FLEX
"","","","","","","","","","","","","","",134747-64585:Dawson Knox,134747-64585,TE,Dawson,Dawson Knox,Knox,3.2333332697550454,3,4600,NE@BUF,BUF,NE,,,,,,TE/FLEX
"","","","","","","","","","","","","","",134747-86153:Tyrone Tracy Jr.,134747-86153,RB,Tyrone,Tyrone Tracy Jr.,Tracy Jr.,-0.10000000397364299,3,4600,ARI@NYG,NYG,ARI,Q,Knee,,,,RB/FLEX
"","","","","","","","","","","","","","",134747-12536:Kansas City Chiefs,134747-12536,D,Kansas City,Kansas City Chiefs,Chiefs,7,3,4600,KC@LV,KC,LV,,,,,,DEF
"","","","","","","","","","","","","","",134747-176467:Jalen Royals,134747-176467,WR,Jalen,Jalen Royals,Royals,3.066666603088379,3,4600,KC@LV,KC,LV,,,,,,WR/FLEX
"","","","","","","","","","","","","","",134747-71031:Lil'Jordan Humphrey,134747-71031,WR,Lil'Jordan,Lil'Jordan Humphrey,Humphrey,0,2,4600,DEN@SF,DEN,SF,,,,,,WR/FLEX
"","","","","","","","","","","","","","",134747-193004:Jahdae Walker,134747-193004,WR,Jahdae,Jahdae Walker,Walker,3.299999952316284,2,4600,NYJ@CHI,CHI,NYJ,,,,,,WR/FLEX
"","","","","","","","","","","","","","",134747-226859:Darius Cooper,134747-226859,WR,Darius,Darius Cooper,Cooper,3.2000001271565757,3,4600,LAR@PHI,PHI,LAR,,,,,,WR/FLEX
"","","","","","","","","","","","","","",134747-94887:Tyler Badie,134747-94887,RB,Tyler,Tyler Badie,Badie,2.9000000953674316,2,4600,DEN@SF,DEN,SF,,,,,,RB/FLEX
"","","","","","","","","","","","","","",134747-47870:Tyler Higbee,134747-47870,TE,Tyler,Tyler Higbee,Higbee,8.199999809265137,2,4600,LAR@PHI,LAR,PHI,,,,,,TE/FLEX
"","","","","","","","","","","","","","",134747-103187:Roschon Johnson,134747-103187,RB,Roschon,Roschon Johnson,Johnson,0,2,4600,NYJ@CHI,CHI,NYJ,,,,,,RB/FLEX
"","","","","","","","","","","","","","",134747-128810:Theo Johnson,134747-128810,TE,Theo,Theo Johnson,Johnson,0.4666666587193807,3,4600,ARI@NYG,NYG,ARI,,,,,,TE/FLEX
"","","","","","","","","","","","","","",134747-158529:Josh Cameron,134747-158529,WR,Josh,Josh Cameron,Cameron,5.566666920979817,3,4600,JAC@CIN,JAC,CIN,,,,,,WR/FLEX
"","","","","","","","","","","","","","",134747-94087:DeeJay Dallas,134747-94087,RB,DeeJay,DeeJay Dallas,Dallas,1.099999984105428,3,4600,MIA@MIN,MIN,MIA,,,,,,RB/FLEX
"","","","","","","","","","","","","","",134747-48116:Jonnu Smith,134747-48116,TE,Jonnu,Jonnu Smith,Smith,4.300000190734863,2,4600,GB@TB,GB,TB,,,,,,TE/FLEX
"","","","","","","","","","","","","","",134747-105648:Tyler Goodson,134747-105648,RB,Tyler,Tyler Goodson,Goodson,2.200000047683716,1,4500,DAL@HOU,DAL,HOU,,,,,,RB/FLEX
"","","","","","","","","","","","","","",134747-151740:Corey Kiner,134747-151740,RB,Corey,Corey Kiner,Kiner,1.433333396911621,3,4500,NE@BUF,NE,BUF,,,,,,RB/FLEX
"","","","","","","","","","","","","","",134747-151741:Jack Bech,134747-151741,WR,Jack,Jack Bech,Bech,4.433333396911621,3,4500,KC@LV,LV,KC,IR,Forearm,,,,WR/FLEX
"","","","","","","","","","","","","","",134747-130270:Adam Trautman,134747-130270,TE,Adam,Adam Trautman,Trautman,1,2,4500,DEN@SF,DEN,SF,,,,,,TE/FLEX
"","","","","","","","","","","","","","",134747-12549:San Francisco 49ers,134747-12549,D,San Francisco,San Francisco 49ers,49ers,5.666666666666667,3,4500,DEN@SF,SF,DEN,,,,,,DEF
"","","","","","","","","","","","","","",134747-136538:Kyle Williams,134747-136538,WR,Kyle,Kyle Williams,Williams,1.8000000317891438,3,4500,NE@BUF,NE,BUF,,,,,,WR/FLEX
"","","","","","","","","","","","","","",134747-91488:Chris Brooks,134747-91488,RB,Chris,Chris Brooks,Brooks,2.300000031789144,3,4500,GB@TB,GB,TB,,,,,,RB/FLEX
"","","","","","","","","","","","","","",134747-89455:Jayden Reed,134747-89455,WR,Jayden,Jayden Reed,Reed,1.4666666984558105,3,4500,GB@TB,GB,TB,IR,Neck,,,,WR/FLEX
"","","","","","","","","","","","","","",134747-94579:Emari Demercado,134747-94579,RB,Emari,Emari Demercado,Demercado,0.5,3,4500,DAL@HOU,DAL,HOU,,,,,,RB/FLEX
"","","","","","","","","","","","","","",134747-138649:LaJohntay Wester,134747-138649,WR,LaJohntay,LaJohntay Wester,Wester,1.4666666984558105,3,4500,TEN@BAL,BAL,TEN,,,,,,WR/FLEX
"","","","","","","","","","","","","","",134747-88548:Jalen Tolbert,134747-88548,WR,Jalen,Jalen Tolbert,Tolbert,0,1,4500,MIA@MIN,MIA,MIN,,,,,,WR/FLEX
"","","","","","","","","","","","","","",134747-87815:Jeremy Ruckert,134747-87815,TE,Jeremy,Jeremy Ruckert,Ruckert,4.933333396911621,3,4500,NYJ@CHI,NYJ,CHI,Q,Knee,,,,TE/FLEX
"","","","","","","","","","","","","","",134747-27477:Sterling Shepard,134747-27477,WR,Sterling,Sterling Shepard,Shepard,2.799999952316284,1,4500,NYJ@CHI,NYJ,CHI,,,,,,WR/FLEX
"","","","","","","","","","","","","","",134747-184184:Travis Hunter,134747-184184,WR,Travis,Travis Hunter,Hunter,0.5333333412806193,3,4500,JAC@CIN,JAC,CIN,,,,,,WR/FLEX
"","","","","","","","","","","","","","",134747-103378:Erick All Jr.,134747-103378,TE,Erick,Erick All Jr.,All Jr.,0.75,2,4500,JAC@CIN,CIN,JAC,,,,,,TE/FLEX
"","","","","","","","","","","","","","",134747-93143:Noah Gray,134747-93143,TE,Noah,Noah Gray,Gray,2.133333365122477,3,4500,KC@LV,KC,LV,,,,,,TE/FLEX
"","","","","","","","","","","","","","",134747-169046:Cyrus Allen,134747-169046,WR,Cyrus,Cyrus Allen,Allen,0,2,4400,KC@LV,KC,LV,,,,,,WR/FLEX
"","","","","","","","","","","","","","",134747-95370:Ryan Miller,134747-95370,TE,Ryan,Ryan Miller,Miller,8.350000381469727,2,4400,MIA@MIN,MIA,MIN,,,,,,TE/FLEX
"","","","","","","","","","","","","","",134747-151737:E.J. Jenkins,134747-151737,TE,E.J.,E.J. Jenkins,Jenkins,0,1,4400,LAR@PHI,PHI,LAR,,,,,,TE/FLEX
"","","","","","","","","","","","","","",134747-12545:Philadelphia Eagles,134747-12545,D,Philadelphia,Philadelphia Eagles,Eagles,2,3,4400,LAR@PHI,PHI,LAR,,,,,,DEF
"","","","","","","","","","","","","","",134747-103694:Ray Davis,134747-103694,RB,Ray,Ray Davis,Davis,0.10000000397364299,3,4400,NE@BUF,BUF,NE,,,,,,RB/FLEX
"","","","","","","","","","","","","","",134747-157973:J. Michael Sturdivant,134747-157973,WR,J. Michael,J. Michael Sturdivant,Sturdivant,1.850000023841858,2,4400,GB@TB,GB,TB,,,,,,WR/FLEX
"","","","","","","","","","","","","","",134747-166253:Sam Roush,134747-166253,TE,Sam,Sam Roush,Roush,1.75,2,4400,NYJ@CHI,CHI,NYJ,,,,,,TE/FLEX
"","","","","","","","","","","","","","",134747-102831:Davis Allen,134747-102831,TE,Davis,Davis Allen,Allen,1.9666666984558105,3,4400,LAR@PHI,LAR,PHI,,,,,,TE/FLEX
"","","","","","","","","","","","","","",134747-183828:Kevin Coleman Jr.,134747-183828,WR,Kevin,Kevin Coleman Jr.,Coleman Jr.,0.4000000059604645,2,4400,MIA@MIN,MIA,MIN,,,,,,WR/FLEX
"","","","","","","","","","","","","","",134747-27229:Ameer Abdullah,134747-27229,RB,Ameer,Ameer Abdullah,Abdullah,1.8999999364217122,3,4400,JAC@CIN,JAC,CIN,,,,,,RB/FLEX
"","","","","","","","","","","","","","",134747-64147:Britain Covey,134747-64147,WR,Britain,Britain Covey,Covey,0,3,4400,LAR@PHI,PHI,LAR,,,,,,WR/FLEX
"","","","","","","","","","","","","","",134747-65231:Adam Prentice,134747-65231,RB,Adam,Adam Prentice,Prentice,0.3499999940395355,2,4400,DEN@SF,DEN,SF,,,,,,RB/FLEX
"","","","","","","","","","","","","","",134747-137059:Sean Tucker,134747-137059,RB,Sean,Sean Tucker,Tucker,0,1,4400,GB@TB,TB,GB,,,,,,RB/FLEX
"","","","","","","","","","","","","","",134747-178158:Colbie Young,134747-178158,WR,Colbie,Colbie Young,Young,0.949999988079071,2,4400,JAC@CIN,CIN,JAC,O,Knee,,,,WR/FLEX
"","","","","","","","","","","","","","",134747-129112:Chimere Dike,134747-129112,WR,Chimere,Chimere Dike,Dike,-0.6666666666666666,3,4300,TEN@BAL,TEN,BAL,,,,,,WR/FLEX
"","","","","","","","","","","","","","",134747-168054:Mason Taylor,134747-168054,TE,Mason,Mason Taylor,Taylor,0.4000000059604645,2,4300,NYJ@CHI,NYJ,CHI,O,Thumb,,,,TE/FLEX
"","","","","","","","","","","","","","",134747-64634:Alex Bachman,134747-64634,WR,Alex,Alex Bachman,Bachman,0.20000000433488327,11,4300,LAR@PHI,LAR,PHI,,,,,,WR/FLEX
"","","","","","","","","","","","","","",134747-12531:Denver Broncos,134747-12531,D,Denver,Denver Broncos,Broncos,8.333333333333334,3,4300,DEN@SF,DEN,SF,,,,,,DEF
"","","","","","","","","","","","","","",134747-60712:Foster Moreau,134747-60712,TE,Foster,Foster Moreau,Moreau,4.866666793823242,3,4300,DAL@HOU,HOU,DAL,,,,,,TE/FLEX
"","","","","","","","","","","","","","",134747-56711:Drew Sample,134747-56711,TE,Drew,Drew Sample,Sample,1.9500000476837158,2,4300,JAC@CIN,CIN,JAC,,,,,,TE/FLEX
"","","","","","","","","","","","","","",134747-73176:Luke Farrell,134747-73176,TE,Luke,Luke Farrell,Farrell,0.9666666984558105,3,4300,DEN@SF,SF,DEN,,,,,,TE/FLEX
"","","","","","","","","","","","","","",134747-92677:Zavier Scott,134747-92677,RB,Zavier,Zavier Scott,Scott,3.220000076293945,10,4300,NYJ@CHI,CHI,NYJ,,,,,,RB/FLEX
"","","","","","","","","","","","","","",134747-185863:Hunter Luepke,134747-185863,RB,Hunter,Hunter Luepke,Luepke,0.26666667064030963,3,4300,DAL@HOU,DAL,HOU,,,,,,RB/FLEX
"","","","","","","","","","","","","","",134747-173626:Nate Adkins,134747-173626,TE,Nate,Nate Adkins,Adkins,6.200000127156575,3,4300,DEN@SF,DEN,SF,,,,,,TE/FLEX
"","","","","","","","","","","","","","",134747-102986:Elijah Higgins,134747-102986,TE,Elijah,Elijah Higgins,Higgins,1.75,2,4300,ARI@NYG,ARI,NYG,,,,,,TE/FLEX
"","","","","","","","","","","","","","",134747-184917:Elijah Sarratt,134747-184917,WR,Elijah,Elijah Sarratt,Sarratt,0,1,4300,TEN@BAL,BAL,TEN,,,,,,WR/FLEX
"","","","","","","","","","","","","","",134747-128633:Kimani Vidal,134747-128633,RB,Kimani,Kimani Vidal,Vidal,1.25,2,4300,LAC@SEA,LAC,SEA,,,,,,RB/FLEX
"","","","","","","","","","","","","","",134747-31360:Odell Beckham Jr.,134747-31360,WR,Odell,Odell Beckham Jr.,Beckham Jr.,0,1,4300,ARI@NYG,NYG,ARI,,,,,,WR/FLEX
"","","","","","","","","","","","","","",134747-138039:Matt Hibner,134747-138039,TE,Matt,Matt Hibner,Hibner,5.550000190734863,2,4300,TEN@BAL,BAL,TEN,,,,,,TE/FLEX
"","","","","","","","","","","","","","",134747-166801:Jaydon Blue,134747-166801,RB,Jaydon,Jaydon Blue,Blue,3.9799999237060546,5,4300,LAR@PHI,PHI,LAR,,,,,,RB/FLEX
"","","","","","","","","","","","","","",134747-173994:Zavion Thomas,134747-173994,WR,Zavion,Zavion Thomas,Thomas,0.30000001192092896,2,4300,NYJ@CHI,CHI,NYJ,,,,,,WR/FLEX
"","","","","","","","","","","","","","",134747-69558:Greg Dortch,134747-69558,WR,Greg,Greg Dortch,Dortch,0,3,4300,NE@BUF,BUF,NE,,,,,,WR/FLEX
"","","","","","","","","","","","","","",134747-152526:Jake Briningstool,134747-152526,TE,Jake,Jake Briningstool,Briningstool,0.699999988079071,2,4300,KC@LV,KC,LV,,,,,,TE/FLEX
"","","","","","","","","","","","","","",134747-152537:Tai Felton,134747-152537,WR,Tai,Tai Felton,Felton,0,1,4300,MIA@MIN,MIN,MIA,,,,,,WR/FLEX
"","","","","","","","","","","","","","",134747-166898:Nick Singleton,134747-166898,RB,Nick,Nick Singleton,Singleton,0.5,2,4300,TEN@BAL,TEN,BAL,,,,,,RB/FLEX
"","","","","","","","","","","","","","",134747-139284:Frank Gore Jr.,134747-139284,RB,Frank,Frank Gore Jr.,Gore Jr.,0.30000001192092896,1,4200,NE@BUF,BUF,NE,,,,,,RB/FLEX
"","","","","","","","","","","","","","",134747-138277:Jalen Brooks,134747-138277,WR,Jalen,Jalen Brooks,Brooks,0,2,4200,ARI@NYG,ARI,NYG,,,,,,WR/FLEX
"","","","","","","","","","","","","","",134747-174148:Carlos Washington Jr.,134747-174148,RB,Carlos,Carlos Washington Jr.,Washington Jr.,,0,4200,MIA@MIN,MIA,MIN,,,,,,RB/FLEX
"","","","","","","","","","","","","","",134747-68712:Tyler Johnson,134747-68712,WR,Tyler,Tyler Johnson,Johnson,3.5222223069932728,9,4200,NYJ@CHI,NYJ,CHI,,,,,,WR/FLEX
"","","","","","","","","","","","","","",134747-79980:Eric Saubert,134747-79980,TE,Eric,Eric Saubert,Saubert,3.6500000953674316,2,4200,LAC@SEA,SEA,LAC,,,,,,TE/FLEX
"","","","","","","","","","","","","","",134747-183410:Malik Benson,134747-183410,WR,Malik,Malik Benson,Benson,0.10000000397364299,3,4200,KC@LV,LV,KC,,,,,,WR/FLEX
"","","","","","","","","","","","","","",134747-155775:Brashard Smith,134747-155775,RB,Brashard,Brashard Smith,Smith,0.44999998807907104,2,4200,KC@LV,KC,LV,,,,,,RB/FLEX
"","","","","","","","","","","","","","",134747-83117:Tanner Hudson,134747-83117,TE,Tanner,Tanner Hudson,Hudson,1.600000023841858,2,4200,JAC@CIN,CIN,JAC,,,,,,TE/FLEX
"","","","","","","","","","","","","","",134747-90307:Daniel Bellinger,134747-90307,TE,Daniel,Daniel Bellinger,Bellinger,1.2666666507720947,3,4200,TEN@BAL,TEN,BAL,,,,,,TE/FLEX
"","","","","","","","","","","","","","",134747-12526:Buffalo Bills,134747-12526,D,Buffalo,Buffalo Bills,Bills,4.666666666666667,3,4200,NE@BUF,BUF,NE,,,,,,DEF
"","","","","","","","","","","","","","",134747-174329:Brenen Thompson,134747-174329,WR,Brenen,Brenen Thompson,Thompson,0.8999999761581421,2,4200,LAC@SEA,LAC,SEA,Q,Quadriceps,,,,WR/FLEX
"","","","","","","","","","","","","","",134747-52495:Braxton Berrios,134747-52495,WR,Braxton,Braxton Berrios,Berrios,0,3,4200,ARI@NYG,NYG,ARI,,,,,,WR/FLEX
"","","","","","","","","","","","","","",134747-91417:Luke Schoonmaker,134747-91417,TE,Luke,Luke Schoonmaker,Schoonmaker,1.5499999523162842,2,4200,DAL@HOU,DAL,HOU,,,,,,TE/FLEX
"","","","","","","","","","","","","","",134747-85306:KhaDarel Hodge,134747-85306,WR,KhaDarel,KhaDarel Hodge,Hodge,0.7666666507720947,3,4200,DEN@SF,SF,DEN,Q,Knee,,,,WR/FLEX
"","","","","","","","","","","","","","",134747-129422:Nate Boerkircher,134747-129422,TE,Nate,Nate Boerkircher,Boerkircher,0.699999988079071,2,4200,JAC@CIN,JAC,CIN,Q,Illness,,,,TE/FLEX
"","","","","","","","","","","","","","",134747-92606:Bo Melton,134747-92606,WR,Bo,Bo Melton,Melton,0.5,3,4200,GB@TB,GB,TB,,,,,,WR/FLEX
"","","","","","","","","","","","","","",134747-88575:Elijah Moore,134747-88575,WR,Elijah,Elijah Moore,Moore,0,1,4200,LAR@PHI,PHI,LAR,,,,,,WR/FLEX
"","","","","","","","","","","","","","",134747-39428:Kyle Juszczyk,134747-39428,RB,Kyle,Kyle Juszczyk,Juszczyk,4.849999904632568,2,4200,DEN@SF,SF,DEN,,,,,,RB/FLEX
"","","","","","","","","","","","","","",134747-201230:Dylan Laube,134747-201230,RB,Dylan,Dylan Laube,Laube,-0.6666666666666666,3,4200,KC@LV,LV,KC,,,,,,RB/FLEX
"","","","","","","","","","","","","","",134747-85635:Charlie Kolar,134747-85635,TE,Charlie,Charlie Kolar,Kolar,1.7999999523162842,2,4200,LAC@SEA,LAC,SEA,D,Forearm,,,,TE/FLEX
"","","","","","","","","","","","","","",134747-152219:Lewis Bond,134747-152219,WR,Lewis,Lewis Bond,Bond,0,1,4200,DAL@HOU,HOU,DAL,,,,,,WR/FLEX
"","","","","","","","","","","","","","",134747-61112:Josiah Deguara,134747-61112,TE,Josiah,Josiah Deguara,Deguara,1.9200000762939453,5,4200,LAR@PHI,PHI,LAR,,,,,,TE/FLEX
"","","","","","","","","","","","","","",134747-152258:Elijah Arroyo,134747-152258,TE,Elijah,Elijah Arroyo,Arroyo,1.100000023841858,2,4200,LAC@SEA,SEA,LAC,,,,,,TE/FLEX
"","","","","","","","","","","","","","",134747-40647:Marquez Valdes-Scantling,134747-40647,WR,Marquez,Marquez Valdes-Scantling,Valdes-Scantling,0,1,4200,LAC@SEA,LAC,SEA,,,,,,WR/FLEX
"","","","","","","","","","","","","","",134747-87844:Brady Russell,134747-87844,TE,Brady,Brady Russell,Russell,2.75,2,4200,LAC@SEA,SEA,LAC,,,,,,TE/FLEX
"","","","","","","","","","","","","","",134747-85842:Brevyn Spann-Ford,134747-85842,TE,Brevyn,Brevyn Spann-Ford,Spann-Ford,1.6000000635782878,3,4200,DAL@HOU,DAL,HOU,,,,,,TE/FLEX
"","","","","","","","","","","","","","",134747-166749:LeQuint Allen Jr.,134747-166749,RB,LeQuint,LeQuint Allen Jr.,Allen Jr.,0.949999988079071,2,4200,JAC@CIN,JAC,CIN,Q,Hip,,,,RB/FLEX
"","","","","","","","","","","","","","",134747-103308:Jawhar Jordan,134747-103308,RB,Jawhar,Jawhar Jordan,Jordan,7.300000190734863,4,4200,DAL@HOU,HOU,DAL,,,,,,RB/FLEX
"","","","","","","","","","","","","","",134747-175021:Jordan James,134747-175021,RB,Jordan,Jordan James,James,0.75,2,4200,DEN@SF,SF,DEN,,,,,,RB/FLEX
"","","","","","","","","","","","","","",134747-137139:Myles Price,134747-137139,WR,Myles,Myles Price,Price,2,3,4200,MIA@MIN,MIN,MIA,,,,,,WR/FLEX
"","","","","","","","","","","","","","",134747-156596:Jarquez Hunter,134747-156596,RB,Jarquez,Jarquez Hunter,Hunter,0,1,4200,MIA@MIN,MIA,MIN,,,,,,RB/FLEX
"","","","","","","","","","","","","","",134747-136172:CJ Daniels,134747-136172,WR,CJ,CJ Daniels,Daniels,0,1,4200,LAR@PHI,LAR,PHI,,,,,,WR/FLEX
"","","","","","","","","","","","","","",134747-90123:Quintin Morris,134747-90123,TE,Quintin,Quintin Morris,Morris,0.40000001589457196,3,4100,JAC@CIN,JAC,CIN,,,,,,TE/FLEX
"","","","","","","","","","","","","","",134747-111637:Cade Stover,134747-111637,TE,Cade,Cade Stover,Stover,0.15000000596046448,2,4100,DAL@HOU,HOU,DAL,,,,,,TE/FLEX
"","","","","","","","","","","","","","",134747-42046:Durham Smythe,134747-42046,TE,Durham,Durham Smythe,Smythe,0.29999999205271405,3,4100,TEN@BAL,BAL,TEN,,,,,,TE/FLEX
"","","","","","","","","","","","","","",134747-93391:Payne Durham,134747-93391,TE,Payne,Payne Durham,Durham,0,1,4100,GB@TB,TB,GB,,,,,,TE/FLEX
"","","","","","","","","","","","","","",134747-104661:Patrick Herbert,134747-104661,TE,Patrick,Patrick Herbert,Herbert,0,1,4100,LAC@SEA,LAC,SEA,,,,,,TE/FLEX
"","","","","","","","","","","","","","",134747-86255:Josh Whyle,134747-86255,TE,Josh,Josh Whyle,Whyle,0,1,4100,GB@TB,GB,TB,,,,,,TE/FLEX
"","","","","","","","","","","","","","",134747-12538:Los Angeles Rams,134747-12538,D,Los Angeles,Los Angeles Rams,Rams,5.333333333333333,3,4100,LAR@PHI,LAR,PHI,,,,,,DEF
"","","","","","","","","","","","","","",134747-137488:Rasheen Ali,134747-137488,RB,Rasheen,Rasheen Ali,Ali,0,3,4100,TEN@BAL,BAL,TEN,,,,,,RB/FLEX
"","","","","","","","","","","","","","",134747-91481:Nikko Remigio,134747-91481,WR,Nikko,Nikko Remigio,Remigio,0,3,4100,KC@LV,KC,LV,,,,,,WR/FLEX
"","","","","","","","","","","","","","",134747-94621:Derius Davis,134747-94621,WR,Derius,Derius Davis,Davis,0,3,4100,LAC@SEA,LAC,SEA,,,,,,WR/FLEX
"","","","","","","","","","","","","","",134747-63907:Josh Oliver,134747-63907,TE,Josh,Josh Oliver,Oliver,2.0333333015441895,3,4100,MIA@MIN,MIN,MIA,IR,Biceps,,,,TE/FLEX
"","","","","","","","","","","","","","",134747-80299:Patrick Ricard,134747-80299,RB,Patrick,Patrick Ricard,Ricard,0,2,4100,ARI@NYG,NYG,ARI,,,,,,RB/FLEX
"","","","","","","","","","","","","","",134747-87469:Jelani Woods,134747-87469,TE,Jelani,Jelani Woods,Woods,2.5,1,4100,NYJ@CHI,NYJ,CHI,,,,,,TE/FLEX
"","","","","","","","","","","","","","",134747-112192:Jonathan Mingo,134747-112192,WR,Jonathan,Jonathan Mingo,Mingo,0.75,2,4100,DAL@HOU,DAL,HOU,,,,,,WR/FLEX
"","","","","","","","","","","","","","",134747-176734:Eli Raridon,134747-176734,TE,Eli,Eli Raridon,Raridon,3.3999999364217124,3,4100,NE@BUF,NE,BUF,Q,Thigh,,,,TE/FLEX
"","","","","","","","","","","","","","",134747-200291:Jackson Hawes,134747-200291,TE,Jackson,Jackson Hawes,Hawes,0,1,4100,NE@BUF,BUF,NE,,,,,,TE/FLEX
"","","","","","","","","","","","","","",134747-88752:Charlie Jones,134747-88752,WR,Charlie,Charlie Jones,Jones,0.46153846153846156,13,4100,ARI@NYG,NYG,ARI,,,,,,WR/FLEX
"","","","","","","","","","","","","","",134747-131835:Efton Chism III,134747-131835,WR,Efton,Efton Chism III,Chism III,0.7699999809265137,2,4100,NE@BUF,NE,BUF,,,,,,WR/FLEX
"","","","","","","","","","","","","","",134747-157490:Will Kacmarek,134747-157490,TE,Will,Will Kacmarek,Kacmarek,0.29999999205271405,3,4100,MIA@MIN,MIA,MIN,,,,,,TE/FLEX
"","","","","","","","","","","","","","",134747-201535:Kameron Johnson,134747-201535,WR,Kameron,Kameron Johnson,Johnson,0,3,4100,GB@TB,TB,GB,,,,,,WR/FLEX
"","","","","","","","","","","","","","",134747-72515:Ian Thomas,134747-72515,TE,Ian,Ian Thomas,Thomas,0.800000011920929,2,4100,KC@LV,LV,KC,,,,,,TE/FLEX
"","","","","","","","","","","","","","",134747-169834:Dareke Young,134747-169834,WR,Dareke,Dareke Young,Young,1.600000023841858,2,4100,KC@LV,LV,KC,,,,,,WR/FLEX
"","","","","","","","","","","","","","",134747-128912:Mitch Tinsley,134747-128912,WR,Mitch,Mitch Tinsley,Tinsley,3.450000047683716,8,4100,JAC@CIN,CIN,JAC,,,,,,WR/FLEX
"","","","","","","","","","","","","","",134747-152522:Phil Mafah,134747-152522,RB,Phil,Phil Mafah,Mafah,9.899999618530273,1,4100,ARI@NYG,NYG,ARI,,,,,,RB/FLEX
"","","","","","","","","","","","","","",134747-70661:Velus Jones Jr.,134747-70661,WR,Velus,Velus Jones Jr.,Jones Jr.,0,1,4000,LAC@SEA,SEA,LAC,,,,,,WR/FLEX
"","","","","","","","","","","","","","",134747-92166:Marcus Jones,134747-92166,WR,Marcus,Marcus Jones,Jones,0,3,4000,NE@BUF,NE,BUF,,,,,,WR/FLEX
"","","","","","","","","","","","","","",134747-152593:Harrison Wallace III,134747-152593,WR,Harrison,Harrison Wallace III,Wallace III,,0,4000,ARI@NYG,ARI,NYG,,,,,,WR/FLEX
"","","","","","","","","","","","","","",134747-110617:Isaiah Neyor,134747-110617,WR,Isaiah,Isaiah Neyor,Neyor,,0,4000,GB@TB,GB,TB,,,,,,WR/FLEX
"","","","","","","","","","","","","","",134747-86047:Malik Davis,134747-86047,RB,Malik,Malik Davis,Davis,4.733333163791233,9,4000,DAL@HOU,DAL,HOU,IR,Hip,,,,RB/FLEX
"","","","","","","","","","","","","","",134747-86055:Dameon Pierce,134747-86055,RB,Dameon,Dameon Pierce,Pierce,0.7199999809265136,5,4000,LAR@PHI,PHI,LAR,,,,,,RB/FLEX
"","","","","","","","","","","","","","",134747-55335:David Njoku,134747-55335,TE,David,David Njoku,Njoku,4.849999904632568,2,4000,LAC@SEA,LAC,SEA,IR,Lower leg,,,,TE/FLEX
"","","","","","","","","","","","","","",134747-154661:Michael Bandy,134747-154661,WR,Michael,Michael Bandy,Bandy,2.75,4,4000,DEN@SF,DEN,SF,,,,,,WR/FLEX
"","","","","","","","","","","","","","",134747-243752:Daniel Sobkowicz,134747-243752,WR,Daniel,Daniel Sobkowicz,Sobkowicz,,0,4000,DAL@HOU,HOU,DAL,,,,,,WR/FLEX
"","","","","","","","","","","","","","",134747-175154:Jack Endries,134747-175154,TE,Jack,Jack Endries,Endries,0,1,4000,JAC@CIN,CIN,JAC,,,,,,TE/FLEX
"","","","","","","","","","","","","","",134747-243761:Kolbe Katsis,134747-243761,WR,Kolbe,Kolbe Katsis,Katsis,0,1,4000,DEN@SF,DEN,SF,,,,,,WR/FLEX
"","","","","","","","","","","","","","",134747-243760:Kyle Dixon,134747-243760,WR,Kyle,Kyle Dixon,Dixon,,0,4000,NE@BUF,NE,BUF,,,,,,WR/FLEX
"","","","","","","","","","","","","","",134747-152628:Thomas Fidone II,134747-152628,TE,Thomas,Thomas Fidone II,Fidone II,0,1,4000,ARI@NYG,NYG,ARI,,,,,,TE/FLEX
"","","","","","","","","","","","","","",134747-86075:Lucas Krull,134747-86075,TE,Lucas,Lucas Krull,Krull,1.25,2,4000,DEN@SF,DEN,SF,,,,,,TE/FLEX
"","","","","","","","","","","","","","",134747-133180:Ben Yurosek,134747-133180,TE,Ben,Ben Yurosek,Yurosek,0.8000000317891439,3,4000,MIA@MIN,MIN,MIA,IR,Undisclosed,,,,TE/FLEX
"","","","","","","","","","","","","","",134747-166977:Jordan Hudson,134747-166977,WR,Jordan,Jordan Hudson,Hudson,,0,4000,DAL@HOU,DAL,HOU,,,,,,WR/FLEX
"","","","","","","","","","","","","","",134747-87109:Bryce Oliver,134747-87109,WR,Bryce,Bryce Oliver,Oliver,1.2999999523162842,1,4000,DAL@HOU,HOU,DAL,,,,,,WR/FLEX
"","","","","","","","","","","","","","",134747-168005:CJ Williams,134747-168005,WR,CJ,CJ Williams,Williams,0,1,4000,JAC@CIN,JAC,CIN,,,,,,WR/FLEX
"","","","","","","","","","","","","","",134747-165962:Nikola Kalinic,134747-165962,TE,Nikola,Nikola Kalinic,Kalinic,0,2,4000,NYJ@CHI,CHI,NYJ,IR,Knee,,,,TE/FLEX
"","","","","","","","","","","","","","",134747-87117:Brenden Bates,134747-87117,TE,Brenden,Brenden Bates,Bates,1.3600000381469726,5,4000,JAC@CIN,JAC,CIN,,,,,,TE/FLEX
"","","","","","","","","","","","","","",134747-103506:Nick Kallerup,134747-103506,TE,Nick,Nick Kallerup,Kallerup,0,1,4000,LAC@SEA,SEA,LAC,,,,,,TE/FLEX
"","","","","","","","","","","","","","",134747-42077:James Winchester,134747-42077,TE,James,James Winchester,Winchester,0,1,4000,KC@LV,KC,LV,,,,,,TE/FLEX
"","","","","","","","","","","","","","",134747-152669:Jameson Geers,134747-152669,TE,Jameson,Jameson Geers,Geers,,0,4000,ARI@NYG,ARI,NYG,IR,Undisclosed,,,,TE/FLEX
"","","","","","","","","","","","","","",134747-154730:Dean Patterson IV,134747-154730,WR,Dean,Dean Patterson IV,Patterson IV,,0,4000,GB@TB,TB,GB,,,,,,WR/FLEX
"","","","","","","","","","","","","","",134747-68714:Ko Kieft,134747-68714,TE,Ko,Ko Kieft,Kieft,0,1,4000,GB@TB,TB,GB,Q,Elbow,,,,TE/FLEX
"","","","","","","","","","","","","","",134747-183404:Josh Cuevas,134747-183404,TE,Josh,Josh Cuevas,Cuevas,1.899999976158142,1,4000,TEN@BAL,BAL,TEN,,,,,,TE/FLEX
"","","","","","","","","","","","","","",134747-61555:David Sills V,134747-61555,WR,David,David Sills V,Sills V,3.3416665395100913,12,4000,GB@TB,TB,GB,IR,Undisclosed,,,,WR/FLEX
"","","","","","","","","","","","","","",134747-129147:John Saunders Jr.,134747-129147,WR,John,John Saunders Jr.,Saunders Jr.,,0,4000,NYJ@CHI,NYJ,CHI,,,,,,WR/FLEX
"","","","","","","","","","","","","","",134747-104577:Gunner Olszewski,134747-104577,WR,Gunner,Gunner Olszewski,Olszewski,1.9887499809265137,16,4000,ARI@NYG,NYG,ARI,IR,Achilles,,,,WR/FLEX
"","","","","","","","","","","","","","",134747-94345:Cole Turner,134747-94345,TE,Cole,Cole Turner,Turner,,0,4000,MIA@MIN,MIA,MIN,IR,Undisclosed,,,,TE/FLEX
"","","","","","","","","","","","","","",134747-87179:Thomas Yassmin,134747-87179,TE,Thomas,Thomas Yassmin,Yassmin,,0,4000,GB@TB,GB,TB,IR,Undisclosed,,,,TE/FLEX
"","","","","","","","","","","","","","",134747-72846:A.J. Brown,134747-72846,WR,A.J.,A.J. Brown,Brown,4.099999904632568,1,4000,NE@BUF,NE,BUF,IR,Ankle,,,,WR/FLEX
"","","","","","","","","","","","","","",134747-143509:Caleb Lohner,134747-143509,TE,Caleb,Caleb Lohner,Lohner,,0,4000,DEN@SF,DEN,SF,IR,Lower body,,,,TE/FLEX
"","","","","","","","","","","","","","",134747-54426:Andrew Beck,134747-54426,TE,Andrew,Andrew Beck,Beck,0,2,4000,NYJ@CHI,NYJ,CHI,,,,,,TE/FLEX
"","","","","","","","","","","","","","",134747-28827:Dare Ogunbowale,134747-28827,RB,Dare,Dare Ogunbowale,Ogunbowale,1.7363636710427024,11,4000,DAL@HOU,HOU,DAL,,,,,,RB/FLEX
"","","","","","","","","","","","","","",134747-157858:Michael Trigg,134747-157858,TE,Michael,Michael Trigg,Trigg,,0,4000,DAL@HOU,DAL,HOU,,,,,,TE/FLEX
"","","","","","","","","","","","","","",134747-151726:Robbie Ouzts,134747-151726,TE,Robbie,Robbie Ouzts,Ouzts,0,2,4000,LAC@SEA,SEA,LAC,IR,Neck,,,,TE/FLEX
"","","","","","","","","","","","","","",134747-152754:Myles Montgomery,134747-152754,RB,Myles,Myles Montgomery,Montgomery,,0,4000,NE@BUF,NE,BUF,IR,Undisclosed,,,,RB/FLEX
"","","","","","","","","","","","","","",134747-225459:Jeff Caldwell,134747-225459,WR,Jeff,Jeff Caldwell,Caldwell,,0,4000,KC@LV,KC,LV,IR,Knee,,,,WR/FLEX
"","","","","","","","","","","","","","",134747-174263:Emmanuel Henderson Jr.,134747-174263,WR,Emmanuel,Emmanuel Henderson Jr.,Henderson Jr.,,0,4000,LAC@SEA,SEA,LAC,,,,,,WR/FLEX
"","","","","","","","","","","","","","",134747-152756:Will Pauling,134747-152756,WR,Will,Will Pauling,Pauling,,0,4000,DEN@SF,SF,DEN,,,,,,WR/FLEX
"","","","","","","","","","","","","","",134747-86203:Justin Shorter,134747-86203,WR,Justin,Justin Shorter,Shorter,,0,4000,KC@LV,LV,KC,Q,Undisclosed,,,,WR/FLEX
"","","","","","","","","","","","","","",134747-131266:Lan Larison,134747-131266,RB,Lan,Lan Larison,Larison,1.899999976158142,1,4000,NE@BUF,NE,BUF,,,,,,RB/FLEX
"","","","","","","","","","","","","","",134747-129219:Israel Abanikanda,134747-129219,RB,Israel,Israel Abanikanda,Abanikanda,,0,4000,DAL@HOU,DAL,HOU,,,,,,RB/FLEX
"","","","","","","","","","","","","","",134747-158916:Bauer Sharp,134747-158916,TE,Bauer,Bauer Sharp,Sharp,0,2,4000,GB@TB,TB,GB,,,,,,TE/FLEX
"","","","","","","","","","","","","","",134747-170184:Julius Chestnut,134747-170184,RB,Julius,Julius Chestnut,Chestnut,0,2,4000,TEN@BAL,TEN,BAL,,,,,,RB/FLEX
"","","","","","","","","","","","","","",134747-166095:Cody Schrader,134747-166095,RB,Cody,Cody Schrader,Schrader,,0,4000,DEN@SF,DEN,SF,,,,,,RB/FLEX
"","","","","","","","","","","","","","",134747-170188:Tanner Conner,134747-170188,TE,Tanner,Tanner Conner,Conner,1.9428571973528181,7,4000,NE@BUF,NE,BUF,,,,,,TE/FLEX
"","","","","","","","","","","","","","",134747-171212:Wesley Grimes,134747-171212,WR,Wesley,Wesley Grimes,Grimes,,0,4000,DEN@SF,SF,DEN,,,,,,WR/FLEX
"","","","","","","","","","","","","","",134747-167124:Evan Svoboda,134747-167124,TE,Evan,Evan Svoboda,Svoboda,,0,4000,LAC@SEA,LAC,SEA,,,,,,TE/FLEX
"","","","","","","","","","","","","","",134747-226525:Chandler Brayboy,134747-226525,WR,Chandler,Chandler Brayboy,Brayboy,,0,4000,NE@BUF,NE,BUF,,,,,,WR/FLEX
"","","","","","","","","","","","","","",134747-120035:Mark Redman,134747-120035,TE,Mark,Mark Redman,Redman,0,1,4000,GB@TB,GB,TB,,,,,,TE/FLEX
"","","","","","","","","","","","","","",134747-170208:Kaden Davis,134747-170208,WR,Kaden,Kaden Davis,Davis,0,1,4000,NYJ@CHI,CHI,NYJ,,,,,,WR/FLEX
"","","","","","","","","","","","","","",134747-151777:Eli Stowers,134747-151777,TE,Eli,Eli Stowers,Stowers,,0,4000,LAR@PHI,PHI,LAR,IR,Hamstring,,,,TE/FLEX
"","","","","","","","","","","","","","",134747-169185:Jamaal Pritchett,134747-169185,WR,Jamaal,Jamaal Pritchett,Pritchett,0,1,4000,NYJ@CHI,NYJ,CHI,,,,,,WR/FLEX
"","","","","","","","","","","","","","",134747-166118:Jaydn Ott,134747-166118,RB,Jaydn,Jaydn Ott,Ott,,0,4000,KC@LV,KC,LV,,,,,,RB/FLEX
"","","","","","","","","","","","","","",134747-63717:Alec Ingold,134747-63717,RB,Alec,Alec Ingold,Ingold,2.5,2,4000,LAC@SEA,LAC,SEA,,,,,,RB/FLEX
"","","","","","","","","","","","","","",134747-168171:Jaren Kanak,134747-168171,TE,Jaren,Jaren Kanak,Kanak,,0,4000,TEN@BAL,TEN,BAL,IR,Pectoral,,,,TE/FLEX
"","","","","","","","","","","","","","",134747-185593:Andrei Iosivas,134747-185593,WR,Andrei,Andrei Iosivas,Iosivas,1.7000000476837158,2,4000,JAC@CIN,CIN,JAC,IR,Thumb,,,,WR/FLEX
"","","","","","","","","","","","","","",134747-61693:Danny Pinter,134747-61693,TE,Danny,Danny Pinter,Pinter,0,1,4000,TEN@BAL,BAL,TEN,IR,Knee,,,,TE/FLEX
"","","","","","","","","","","","","","",134747-91401:Ronnie Bell,134747-91401,WR,Ronnie,Ronnie Bell,Bell,4.650000095367432,2,4000,KC@LV,LV,KC,,,,,,WR/FLEX
"","","","","","","","","","","","","","",134747-129291:Tank Dell,134747-129291,WR,Tank,Tank Dell,Dell,,0,4000,DAL@HOU,HOU,DAL,IR,Knee - acl + mcl,,,,WR/FLEX
"","","","","","","","","","","","","","",134747-12556:Houston Texans,134747-12556,D,Houston,Houston Texans,Texans,5,3,4000,DAL@HOU,HOU,DAL,,,,,,DEF
"","","","","","","","","","","","","","",134747-94481:Deven Thompkins,134747-94481,WR,Deven,Deven Thompkins,Thompkins,0.6714285441807338,7,4000,KC@LV,LV,KC,,,,,,WR/FLEX
"","","","","","","","","","","","","","",134747-174355:Jeremiah Webb,134747-174355,WR,Jeremiah,Jeremiah Webb,Webb,,0,4000,NE@BUF,NE,BUF,IR,Arm,,,,WR/FLEX
"","","","","","","","","","","","","","",134747-110868:Josh Williams,134747-110868,RB,Josh,Josh Williams,Williams,0,1,4000,GB@TB,TB,GB,,,,,,RB/FLEX
"","","","","","","","","","","","","","",134747-137495:Kentrel Bullock,134747-137495,RB,Kentrel,Kentrel Bullock,Bullock,,0,4000,JAC@CIN,CIN,JAC,,,,,,RB/FLEX
"","","","","","","","","","","","","","",134747-157975:Keleki Latu,134747-157975,TE,Keleki,Keleki Latu,Latu,0,3,4000,NE@BUF,BUF,NE,,,,,,TE/FLEX
"","","","","","","","","","","","","","",134747-129302:Stephen Gosnell,134747-129302,WR,Stephen,Stephen Gosnell,Gosnell,,0,4000,NE@BUF,BUF,NE,,,,,,WR/FLEX
"","","","","","","","","","","","","","",134747-168217:Dean Connors,134747-168217,RB,Dean,Dean Connors,Connors,0,1,4000,LAR@PHI,LAR,PHI,,,,,,RB/FLEX
"","","","","","","","","","","","","","",134747-92479:David Martin-Robinson,134747-92479,TE,David,David Martin-Robinson,Martin-Robinson,0,1,4000,TEN@BAL,TEN,BAL,,,,,,TE/FLEX
"","","","","","","","","","","","","","",134747-171332:Reggie Virgil,134747-171332,WR,Reggie,Reggie Virgil,Virgil,0,1,4000,ARI@NYG,ARI,NYG,,,,,,WR/FLEX
"","","","","","","","","","","","","","",134747-91467:Jake Tonges,134747-91467,TE,Jake,Jake Tonges,Tonges,7.049999872843425,12,4000,DEN@SF,SF,DEN,IR,Knee - mcl,,,,TE/FLEX
"","","","","","","","","","","","","","",134747-89437:Tim Jones,134747-89437,WR,Tim,Tim Jones,Jones,1,2,4000,JAC@CIN,JAC,CIN,,,,,,WR/FLEX
"","","","","","","","","","","","","","",134747-185699:Eric Rivers Jr.,134747-185699,WR,Eric,Eric Rivers Jr.,Rivers Jr.,,0,4000,GB@TB,TB,GB,,,,,,WR/FLEX
"","","","","","","","","","","","","","",134747-93539:Michael Carter,134747-93539,RB,Michael,Michael Carter,Carter,0,1,4000,TEN@BAL,TEN,BAL,,,,,,RB/FLEX
"","","","","","","","","","","","","","",134747-133478:Arian Smith,134747-133478,WR,Arian,Arian Smith,Smith,0,2,4000,NYJ@CHI,NYJ,CHI,IR,Knee - acl,,,,WR/FLEX
"","","","","","","","","","","","","","",134747-93540:British Brooks,134747-93540,RB,British,British Brooks,Brooks,0,2,4000,DAL@HOU,HOU,DAL,Q,Hamstring,,,,RB/FLEX
"","","","","","","","","","","","","","",134747-225637:Ben Mann,134747-225637,TE,Ben,Ben Mann,Mann,0,1,4000,ARI@NYG,NYG,ARI,,,,,,TE/FLEX
"","","","","","","","","","","","","","",134747-151909:Dont'e Thornton Jr.,134747-151909,WR,Dont'e,Dont'e Thornton Jr.,Thornton Jr.,1.6818181818181819,11,4000,KC@LV,LV,KC,IR,Undisclosed,,,,WR/FLEX
"","","","","","","","","","","","","","",134747-152933:John Michael Gyllenborg,134747-152933,TE,John Michael,John Michael Gyllenborg,Gyllenborg,,0,4000,KC@LV,KC,LV,IR,Knee,,,,TE/FLEX
"","","","","","","","","","","","","","",134747-153957:Zaire Mitchell-Paden,134747-153957,TE,Zaire,Zaire Mitchell-Paden,Mitchell-Paden,0.9000000158945719,3,4000,DAL@HOU,HOU,DAL,,,,,,TE/FLEX
"","","","","","","","","","","","","","",134747-110954:Jordan Waters,134747-110954,RB,Jordan,Jordan Waters,Waters,,0,4000,LAR@PHI,LAR,PHI,,,,,,RB/FLEX
"","","","","","","","","","","","","","",134747-63855:K.J. Osborn,134747-63855,WR,K.J.,K.J. Osborn,Osborn,,0,4000,TEN@BAL,TEN,BAL,,,,,,WR/FLEX
"","","","","","","","","","","","","","",134747-90480:Joel Wilson,134747-90480,TE,Joel,Joel Wilson,Wilson,,0,4000,TEN@BAL,TEN,BAL,,,,,,TE/FLEX
"","","","","","","","","","","","","","",134747-38264:Demarcus Robinson,134747-38264,WR,Demarcus,Demarcus Robinson,Robinson,8.449999809265137,2,4000,DEN@SF,SF,DEN,IR,Ankle,,,,WR/FLEX
"","","","","","","","","","","","","","",134747-71032:Devin Duvernay,134747-71032,WR,Devin,Devin Duvernay,Duvernay,0,3,4000,ARI@NYG,ARI,NYG,,,,,,WR/FLEX
"","","","","","","","","","","","","","",134747-157051:Tanner Arkin,134747-157051,TE,Tanner,Tanner Arkin,Arkin,0,1,4000,NE@BUF,NE,BUF,,,,,,TE/FLEX
"","","","","","","","","","","","","","",134747-110978:Evan Hull,134747-110978,RB,Evan,Evan Hull,Hull,0.9833333492279053,6,4000,ARI@NYG,ARI,NYG,,,,,,RB/FLEX
"","","","","","","","","","","","","","",134747-90501:Julian Hicks,134747-90501,WR,Julian,Julian Hicks,Hicks,,0,4000,LAC@SEA,SEA,LAC,,,,,,WR/FLEX
"","","","","","","","","","","","","","",134747-114054:Dalen Cambre,134747-114054,WR,Dalen,Dalen Cambre,Cambre,0,3,4000,ARI@NYG,NYG,ARI,,,,,,WR/FLEX
"","","","","","","","","","","","","","",134747-167306:Tanner Koziol,134747-167306,TE,Tanner,Tanner Koziol,Koziol,0,1,4000,JAC@CIN,JAC,CIN,,,,,,TE/FLEX
"","","","","","","","","","","","","","",134747-102796:Ricky Pearsall,134747-102796,WR,Ricky,Ricky Pearsall,Pearsall,7.659999847412109,10,4000,DEN@SF,SF,DEN,IR,Knee - pcl,,,,WR/FLEX
"","","","","","","","","","","","","","",134747-175504:Max Klare,134747-175504,TE,Max,Max Klare,Klare,0,1,4000,LAR@PHI,LAR,PHI,,,,,,TE/FLEX
"","","","","","","","","","","","","","",134747-87442:Princeton Fant,134747-87442,TE,Princeton,Princeton Fant,Fant,,0,4000,DAL@HOU,DAL,HOU,IR,Knee - acl + mcl,,,,TE/FLEX
"","","","","","","","","","","","","","",134747-90522:Cameron Latu,134747-90522,TE,Cameron,Cameron Latu,Latu,0,2,4000,NE@BUF,NE,BUF,,,,,,TE/FLEX
"","","","","","","","","","","","","","",134747-114079:Hayden Rucci,134747-114079,TE,Hayden,Hayden Rucci,Rucci,0,1,4000,LAC@SEA,LAC,SEA,,,,,,TE/FLEX
"","","","","","","","","","","","","","",134747-94625:Jalen Reagor,134747-94625,WR,Jalen,Jalen Reagor,Reagor,,0,4000,MIA@MIN,MIA,MIN,,,,,,WR/FLEX
"","","","","","","","","","","","","","",134747-90533:Jerome Ford,134747-90533,RB,Jerome,Jerome Ford,Ford,2.353846183189979,13,4000,MIA@MIN,MIN,MIA,,,,,,RB/FLEX
"","","","","","","","","","","","","","",134747-154020:Al-Jay Henderson,134747-154020,RB,Al-Jay,Al-Jay Henderson,Henderson,,0,4000,NYJ@CHI,NYJ,CHI,,,,,,RB/FLEX
"","","","","","","","","","","","","","",134747-166313:Adam Randall,134747-166313,RB,Adam,Adam Randall,Randall,,0,4000,TEN@BAL,BAL,TEN,IR,Undisclosed,,,,RB/FLEX
"","","","","","","","","","","","","","",134747-184756:Hayden Large,134747-184756,TE,Hayden,Hayden Large,Large,,0,4000,NYJ@CHI,CHI,NYJ,IR,Undisclosed,,,,TE/FLEX
"","","","","","","","","","","","","","",134747-60858:Christian Kirk,134747-60858,WR,Christian,Christian Kirk,Kirk,6.1769233116736775,13,4000,DEN@SF,SF,DEN,IR,Calf,,,,WR/FLEX
"","","","","","","","","","","","","","",134747-151993:DJ Rogers,134747-151993,TE,DJ,DJ Rogers,Rogers,,0,4000,DAL@HOU,DAL,HOU,IR,Knee,,,,TE/FLEX
"","","","","","","","","","","","","","",134747-225739:Cody Hardy,134747-225739,TE,Cody,Cody Hardy,Hardy,,0,4000,NYJ@CHI,NYJ,CHI,,,,,,TE/FLEX
"","","","","","","","","","","","","","",134747-152014:JP Richardson,134747-152014,WR,JP,JP Richardson,Richardson,,0,4000,NYJ@CHI,CHI,NYJ,,,,,,WR/FLEX
"","","","","","","","","","","","","","",134747-173518:Qadir Ismail,134747-173518,WR,Qadir,Qadir Ismail,Ismail,,0,4000,NYJ@CHI,CHI,NYJ,,,,,,WR/FLEX
"","","","","","","","","","","","","","",134747-177614:Marlin Klein,134747-177614,TE,Marlin,Marlin Klein,Klein,1.0499999523162842,2,4000,DAL@HOU,HOU,DAL,,,,,,TE/FLEX
"","","","","","","","","","","","","","",134747-69068:Jonathan Ward,134747-69068,RB,Jonathan,Jonathan Ward,Ward,,0,4000,TEN@BAL,BAL,TEN,,,,,,RB/FLEX
"","","","","","","","","","","","","","",134747-109007:Josh Kelly,134747-109007,WR,Josh,Josh Kelly,Kelly,,0,4000,DAL@HOU,HOU,DAL,,,,,,WR/FLEX
"","","","","","","","","","","","","","",134747-190930:Ja'Kobi Lane,134747-190930,WR,Ja'Kobi,Ja'Kobi Lane,Lane,1.600000023841858,1,4000,TEN@BAL,BAL,TEN,IR,Wrist,,,,WR/FLEX
"","","","","","","","","","","","","","",134747-243158:Tyren Montgomery,134747-243158,WR,Tyren,Tyren Montgomery,Montgomery,,0,4000,TEN@BAL,TEN,BAL,,,,,,WR/FLEX
"","","","","","","","","","","","","","",134747-155096:Quincy Skinner Jr.,134747-155096,WR,Quincy,Quincy Skinner Jr.,Skinner Jr.,,0,4000,GB@TB,GB,TB,,,,,,WR/FLEX
"","","","","","","","","","","","","","",134747-243161:Ty Pezza,134747-243161,TE,Ty,Ty Pezza,Pezza,,0,4000,TEN@BAL,BAL,TEN,,,,,,TE/FLEX
"","","","","","","","","","","","","","",134747-243160:Michael Briscoe,134747-243160,WR,Michael,Michael Briscoe,Briscoe,,0,4000,MIA@MIN,MIN,MIA,,,,,,WR/FLEX
"","","","","","","","","","","","","","",134747-71143:Kylen Granson,134747-71143,TE,Kylen,Kylen Granson,Granson,0,1,4000,TEN@BAL,TEN,BAL,,,,,,TE/FLEX
"","","","","","","","","","","","","","",134747-188900:Michael Wortham,134747-188900,WR,Michael,Michael Wortham,Wortham,,0,4000,JAC@CIN,JAC,CIN,,,,,,WR/FLEX
"","","","","","","","","","","","","","",134747-208360:Damon Bankston,134747-208360,RB,Damon,Damon Bankston,Bankston,,0,4000,GB@TB,GB,TB,,,,,,RB/FLEX
"","","","","","","","","","","","","","",134747-191983:Dallen Bentley,134747-191983,TE,Dallen,Dallen Bentley,Bentley,0,1,4000,DEN@SF,DEN,SF,,,,,,TE/FLEX
"","","","","","","","","","","","","","",134747-177644:Justin Joly,134747-177644,TE,Justin,Justin Joly,Joly,0,1,4000,MIA@MIN,MIA,MIN,,,,,,TE/FLEX
"","","","","","","","","","","","","","",134747-185850:Julian Hill,134747-185850,TE,Julian,Julian Hill,Hill,2.1363636363636362,11,4000,NE@BUF,NE,BUF,IR,Knee,,,,TE/FLEX
"","","","","","","","","","","","","","",134747-89613:Simi Fehoko,134747-89613,WR,Simi,Simi Fehoko,Fehoko,0,2,4000,ARI@NYG,ARI,NYG,,,,,,WR/FLEX
"","","","","","","","","","","","","","",134747-129560:Xavier Restrepo,134747-129560,WR,Xavier,Xavier Restrepo,Restrepo,2.799999952316284,2,4000,TEN@BAL,TEN,BAL,,,,,,WR/FLEX
"","","","","","","","","","","","","","",134747-160287:Amar Johnson,134747-160287,RB,Amar,Amar Johnson,Johnson,0.800000011920929,1,4000,LAC@SEA,LAC,SEA,,,,,,RB/FLEX
"","","","","","","","","","","","","","",134747-73247:Kene Nwangwu,134747-73247,RB,Kene,Kene Nwangwu,Nwangwu,0,1,4000,NYJ@CHI,NYJ,CHI,,,,,,RB/FLEX
"","","","","","","","","","","","","","",134747-166434:Dane Key,134747-166434,WR,Dane,Dane Key,Key,,0,4000,DEN@SF,DEN,SF,,,,,,WR/FLEX
"","","","","","","","","","","","","","",134747-173606:Dillon Bell,134747-173606,WR,Dillon,Dillon Bell,Bell,,0,4000,MIA@MIN,MIN,MIA,,,,,,WR/FLEX
"","","","","","","","","","","","","","",134747-160306:Pierre Strong Jr.,134747-160306,RB,Pierre,Pierre Strong Jr.,Strong Jr.,,0,4000,GB@TB,GB,TB,Q,Hamstring,,,,RB/FLEX
"","","","","","","","","","","","","","",134747-225850:J'Mari Taylor,134747-225850,RB,J'Mari,J'Mari Taylor,Taylor,,0,4000,JAC@CIN,JAC,CIN,,,,,,RB/FLEX
"","","","","","","","","","","","","","",134747-226878:Carter Runyon,134747-226878,TE,Carter,Carter Runyon,Runyon,0.26666667064030963,3,4000,KC@LV,LV,KC,IR,Undisclosed,,,,TE/FLEX
"","","","","","","","","","","","","","",134747-104008:Stephen Carlson,134747-104008,TE,Stephen,Stephen Carlson,Carlson,,0,4000,NYJ@CHI,CHI,NYJ,,,,,,TE/FLEX
"","","","","","","","","","","","","","",134747-104019:Matt Orzech,134747-104019,TE,Matt,Matt Orzech,Orzech,0,1,4000,GB@TB,GB,TB,,,,,,TE/FLEX
"","","","","","","","","","","","","","",134747-63061:Gary Jennings,134747-63061,WR,Gary,Gary Jennings,Jennings,,0,4000,LAC@SEA,LAC,SEA,,,,,,WR/FLEX
"","","","","","","","","","","","","","",134747-86612:Brayden Willis,134747-86612,TE,Brayden,Brayden Willis,Willis,0,2,4000,DEN@SF,SF,DEN,,,,,,TE/FLEX
"","","","","","","","","","","","","","",134747-18009:Chris Manhertz,134747-18009,TE,Chris,Chris Manhertz,Manhertz,0,1,4000,ARI@NYG,NYG,ARI,,,,,,TE/FLEX
"","","","","","","","","","","","","","",134747-138854:Ke'Shawn Williams,134747-138854,WR,Ke'Shawn,Ke'Shawn Williams,Williams,-2,1,4000,JAC@CIN,CIN,JAC,,,,,,WR/FLEX
"","","","","","","","","","","","","","",134747-231015:Cameron Dorner,134747-231015,WR,Cameron,Cameron Dorner,Dorner,,0,4000,NE@BUF,NE,BUF,,,,,,WR/FLEX
"","","","","","","","","","","","","","",134747-129641:Will Sheppard,134747-129641,WR,Will,Will Sheppard,Sheppard,,0,4000,MIA@MIN,MIA,MIN,,,,,,WR/FLEX
"","","","","","","","","","","","","","",134747-88685:Austin Trammell,134747-88685,WR,Austin,Austin Trammell,Trammell,1.0166666507720947,6,4000,JAC@CIN,JAC,CIN,,,,,,WR/FLEX
"","","","","","","","","","","","","","",134747-56947:Chris Myarick,134747-56947,TE,Chris,Chris Myarick,Myarick,,0,4000,KC@LV,LV,KC,,,,,,TE/FLEX
"","","","","","","","","","","","","","",134747-87668:Shedrick Jackson,134747-87668,WR,Shedrick,Shedrick Jackson,Jackson,4.633333206176758,3,4000,TEN@BAL,BAL,TEN,,,,,,WR/FLEX
"","","","","","","","","","","","","","",134747-104054:Sincere McCormick,134747-104054,RB,Sincere,Sincere McCormick,McCormick,,0,4000,DEN@SF,SF,DEN,,,,,,RB/FLEX
"","","","","","","","","","","","","","",134747-88699:Jaret Patterson,134747-88699,RB,Jaret,Jaret Patterson,Patterson,3.4571429661342075,7,4000,MIA@MIN,MIN,MIA,,,,,,RB/FLEX
"","","","","","","","","","","","","","",134747-201342:Chris Collier,134747-201342,RB,Chris,Chris Collier,Collier,,0,4000,KC@LV,LV,KC,IR,Undisclosed,,,,RB/FLEX
"","","","","","","","","","","","","","",134747-141956:Beau Gardner,134747-141956,TE,Beau,Beau Gardner,Gardner,0,1,4000,NYJ@CHI,CHI,NYJ,,,,,,TE/FLEX
"","","","","","","","","","","","","","",134747-154245:Seydou Traore,134747-154245,TE,Seydou,Seydou Traore,Traore,0,1,4000,MIA@MIN,MIA,MIN,,,,,,TE/FLEX
"","","","","","","","","","","","","","",134747-86682:Grant Calcaterra,134747-86682,TE,Grant,Grant Calcaterra,Calcaterra,2.0111111534966364,9,4000,LAR@PHI,PHI,LAR,IR,Back,,,,TE/FLEX
"","","","","","","","","","","","","","",134747-137889:Brennan Presley,134747-137889,WR,Brennan,Brennan Presley,Presley,,0,4000,LAR@PHI,LAR,PHI,,,,,,WR/FLEX
"","","","","","","","","","","","","","",134747-86692:Thomas Odukoya,134747-86692,TE,Thomas,Thomas Odukoya,Odukoya,,0,4000,KC@LV,KC,LV,,,,,,TE/FLEX
"","","","","","","","","","","","","","",134747-172715:Omar Cooper Jr.,134747-172715,WR,Omar,Omar Cooper Jr.,Cooper Jr.,3.5,1,4000,NYJ@CHI,NYJ,CHI,IR,Ankle,,,,WR/FLEX
"","","","","","","","","","","","","","",134747-103083:Theo Wease Jr.,134747-103083,WR,Theo,Theo Wease Jr.,Wease Jr.,7.633333206176758,3,4000,LAC@SEA,LAC,SEA,,,,,,WR/FLEX
"","","","","","","","","","","","","","",134747-152232:Jordan Moore,134747-152232,WR,Jordan,Jordan Moore,Moore,,0,4000,JAC@CIN,CIN,JAC,,,,,,WR/FLEX
"","","","","","","","","","","","","","",134747-87731:Dominique Robinson,134747-87731,WR,Dominique,Dominique Robinson,Robinson,0,2,4000,DAL@HOU,HOU,DAL,,,,,,WR/FLEX
"","","","","","","","","","","","","","",134747-158402:Skyler Bell,134747-158402,WR,Skyler,Skyler Bell,Bell,0,1,4000,NE@BUF,BUF,NE,,,,,,WR/FLEX
"","","","","","","","","","","","","","",134747-167622:Jonah Coleman,134747-167622,RB,Jonah,Jonah Coleman,Coleman,6.650000095367432,2,4000,DEN@SF,DEN,SF,IR,Ankle,,,,RB/FLEX
"","","","","","","","","","","","","","",134747-111300:Jacardia Wright,134747-111300,RB,Jacardia,Jacardia Wright,Wright,2,1,4000,LAC@SEA,SEA,LAC,,,,,,RB/FLEX
"","","","","","","","","","","","","","",134747-128717:Corey Rucker,134747-128717,WR,Corey,Corey Rucker,Rucker,,0,4000,KC@LV,LV,KC,IR,Undisclosed,,,,WR/FLEX
"","","","","","","","","","","","","","",134747-152272:De'Zhaun Stribling,134747-152272,WR,De'Zhaun,De'Zhaun Stribling,Stribling,,0,4000,DEN@SF,SF,DEN,IR,Ankle,,,,WR/FLEX
"","","","","","","","","","","","","","",134747-92882:Connor Heyward,134747-92882,TE,Connor,Connor Heyward,Heyward,0.06666666766007741,3,4000,KC@LV,LV,KC,,,,,,TE/FLEX
"","","","","","","","","","","","","","",134747-156374:Tre Watson,134747-156374,TE,Tre,Tre Watson,Watson,,0,4000,MIA@MIN,MIA,MIN,,,,,,TE/FLEX
"","","","","","","","","","","","","","",134747-142042:Trey Benson,134747-142042,RB,Trey,Trey Benson,Benson,7.224999904632568,4,4000,ARI@NYG,ARI,NYG,IR,Knee,,,,RB/FLEX
"","","","","","","","","","","","","","",134747-152295:Gregory Desrosiers,134747-152295,RB,Gregory,Gregory Desrosiers,Desrosiers,,0,4000,LAC@SEA,LAC,SEA,,,,,,RB/FLEX
"","","","","","","","","","","","","","",134747-137966:AJ Henning,134747-137966,WR,AJ,AJ Henning,Henning,,0,4000,MIA@MIN,MIA,MIN,,,,,,WR/FLEX
"","","","","","","","","","","","","","",134747-252655:Grant Finley,134747-252655,RB,Grant,Grant Finley,Finley,,0,4000,ARI@NYG,NYG,ARI,,,,,,RB/FLEX
"","","","","","","","","","","","","","",134747-40687:James Conner,134747-40687,RB,James,James Conner,Conner,9.766666412353516,3,4000,ARI@NYG,ARI,NYG,IR,Foot,,,,RB/FLEX
"","","","","","","","","","","","","","",134747-137965:Dan Villari,134747-137965,TE,Dan,Dan Villari,Villari,,0,4000,LAR@PHI,LAR,PHI,,,,,,TE/FLEX
"","","","","","","","","","","","","","",134747-156400:Roman Hemby,134747-156400,RB,Roman,Roman Hemby,Hemby,,0,4000,KC@LV,LV,KC,,,,,,RB/FLEX
"","","","","","","","","","","","","","",134747-90870:Calvin Austin III,134747-90870,WR,Calvin,Calvin Austin III,Austin III,4.866666666666666,15,4000,ARI@NYG,NYG,ARI,IR,Knee,,,,WR/FLEX
"","","","","","","","","","","","","","",134747-56059:Trent Sherfield Sr.,134747-56059,WR,Trent,Trent Sherfield Sr.,Sherfield Sr.,0.8999999761581421,4,4000,NE@BUF,BUF,NE,,,,,,WR/FLEX
"","","","","","","","","","","","","","",134747-128765:Nate Carter,134747-128765,RB,Nate,Nate Carter,Carter,2,2,4000,KC@LV,KC,LV,,,,,,RB/FLEX
"","","","","","","","","","","","","","",134747-86780:Salvon Ahmed,134747-86780,RB,Salvon,Salvon Ahmed,Ahmed,,0,4000,NYJ@CHI,CHI,NYJ,,,,,,RB/FLEX
"","","","","","","","","","","","","","",134747-57091:Tim Patrick,134747-57091,WR,Tim,Tim Patrick,Patrick,3.1571429116385326,14,4000,NYJ@CHI,NYJ,CHI,IR,Groin,,,,WR/FLEX
"","","","","","","","","","","","","","",134747-156426:Brock Lampe,134747-156426,RB,Brock,Brock Lampe,Lampe,,0,4000,NE@BUF,BUF,NE,,,,,,RB/FLEX
"","","","","","","","","","","","","","",134747-133900:Anthony Smith,134747-133900,WR,Anthony,Anthony Smith,Smith,,0,4000,DAL@HOU,DAL,HOU,,,,,,WR/FLEX
"","","","","","","","","","","","","","",134747-152333:Malik McClain,134747-152333,WR,Malik,Malik McClain,McClain,0,1,4000,NYJ@CHI,NYJ,CHI,,,,,,WR/FLEX
"","","","","","","","","","","","","","",134747-170769:Camden Brown,134747-170769,WR,Camden,Camden Brown,Brown,0,1,4000,DAL@HOU,DAL,HOU,,,,,,WR/FLEX
"","","","","","","","","","","","","","",134747-103192:Jared Wiley,134747-103192,TE,Jared,Jared Wiley,Wiley,0,1,4000,KC@LV,KC,LV,,,,,,TE/FLEX
"","","","","","","","","","","","","","",134747-70426:Reggie Gilliam,134747-70426,RB,Reggie,Reggie Gilliam,Gilliam,0.44999998807907104,2,4000,NE@BUF,NE,BUF,Q,Knee,,,,RB/FLEX
"","","","","","","","","","","","","","",134747-71459:Brittain Brown,134747-71459,RB,Brittain,Brittain Brown,Brown,4.849999904632568,2,4000,NYJ@CHI,CHI,NYJ,IR,Undisclosed,,,,RB/FLEX
"","","","","","","","","","","","","","",134747-128805:KeAndre Lambert-Smith,134747-128805,WR,KeAndre,KeAndre Lambert-Smith,Lambert-Smith,1.5111111534966364,9,4000,LAC@SEA,LAC,SEA,IR,Hamstring,,,,WR/FLEX
"","","","","","","","","","","","","","",134747-152363:Gavin Bartholomew,134747-152363,TE,Gavin,Gavin Bartholomew,Bartholomew,0,1,4000,MIA@MIN,MIN,MIA,,,,,,TE/FLEX
"","","","","","","","","","","","","","",134747-158511:Max Bredeson,134747-158511,RB,Max,Max Bredeson,Bredeson,0,1,4000,MIA@MIN,MIN,MIA,,,,,,RB/FLEX
"","","","","","","","","","","","","","",134747-138028:Kalel Mullings,134747-138028,RB,Kalel,Kalel Mullings,Mullings,0.23333332935969034,3,4000,TEN@BAL,TEN,BAL,,,,,,RB/FLEX
"","","","","","","","","","","","","","",134747-137017:Drake Dabney,134747-137017,TE,Drake,Drake Dabney,Dabney,0.800000011920929,1,4000,GB@TB,GB,TB,,,,,,TE/FLEX
"","","","","","","","","","","","","","",134747-91971:Ronnie Rivers,134747-91971,RB,Ronnie,Ronnie Rivers,Rivers,2.9000000953674316,1,4000,LAR@PHI,LAR,PHI,IR,Calf,,,,RB/FLEX
"","","","","","","","","","","","","","",134747-120642:Savion Williams,134747-120642,WR,Savion,Savion Williams,Williams,1.7083333333333333,12,4000,GB@TB,GB,TB,IR,Ankle,,,,WR/FLEX
"","","","","","","","","","","","","","",134747-112455:Xavier Gipson,134747-112455,WR,Xavier,Xavier Gipson,Gipson,-0.40000001589457196,6,4000,LAR@PHI,PHI,LAR,,,,,,WR/FLEX
"","","","","","","","","","","","","","",134747-69451:Jack Stoll,134747-69451,TE,Jack,Jack Stoll,Stoll,1.7000000476837158,8,4000,DEN@SF,SF,DEN,,,,,,TE/FLEX
"","","","","","","","","","","","","","",134747-58189:Mitchell Fraboni,134747-58189,TE,Mitchell,Mitchell Fraboni,Fraboni,0,2,4000,DEN@SF,DEN,SF,,,,,,TE/FLEX
"","","","","","","","","","","","","","",134747-139094:Jalin Hyatt,134747-139094,WR,Jalin,Jalin Hyatt,Hyatt,0.8571428571428571,7,4000,ARI@NYG,NYG,ARI,,,,,,WR/FLEX
"","","","","","","","","","","","","","",134747-103252:Bam Knight,134747-103252,RB,Bam,Bam Knight,Knight,1.2000000476837158,2,4000,ARI@NYG,ARI,NYG,,,,,,RB/FLEX
"","","","","","","","","","","","","","",134747-178011:Xavier Guillory,134747-178011,WR,Xavier,Xavier Guillory,Guillory,,0,4000,TEN@BAL,BAL,TEN,,,,,,WR/FLEX
"","","","","","","","","","","","","","",134747-86875:Jordan Mason,134747-86875,RB,Jordan,Jordan Mason,Mason,11.899999618530273,1,4000,MIA@MIN,MIN,MIA,IR,Thumb,,,,RB/FLEX
"","","","","","","","","","","","","","",134747-119642:Ja'Mori Maclin,134747-119642,WR,Ja'Mori,Ja'Mori Maclin,Maclin,,0,4000,NE@BUF,BUF,NE,,,,,,WR/FLEX
"","","","","","","","","","","","","","",134747-201564:Cam Grandy,134747-201564,TE,Cam,Cam Grandy,Grandy,0.8500000238418579,2,4000,MIA@MIN,MIN,MIA,,,,,,TE/FLEX
"","","","","","","","","","","","","","",134747-137058:Trebor Pena,134747-137058,WR,Trebor,Trebor Pena,Pena,,0,4000,JAC@CIN,JAC,CIN,,,,,,WR/FLEX
"","","","","","","","","","","","","","",134747-93026:Teagan Quitoriano,134747-93026,TE,Teagan,Teagan Quitoriano,Quitoriano,0,1,4000,ARI@NYG,ARI,NYG,,,,,,TE/FLEX
"","","","","","","","","","","","","","",134747-192358:Shawn Bowman,134747-192358,TE,Shawn,Shawn Bowman,Bowman,,0,4000,ARI@NYG,ARI,NYG,,,,,,TE/FLEX
"","","","","","","","","","","","","","",134747-156523:Carson Steele,134747-156523,RB,Carson,Carson Steele,Steele,,0,4000,LAR@PHI,PHI,LAR,,,,,,RB/FLEX
"","","","","","","","","","","","","","",134747-120684:Garrett Greene,134747-120684,WR,Garrett,Garrett Greene,Greene,,0,4000,GB@TB,TB,GB,,,,,,WR/FLEX
"","","","","","","","","","","","","","",134747-147315:Jayden Higgins,134747-147315,WR,Jayden,Jayden Higgins,Higgins,6.489473844829359,19,4000,DAL@HOU,HOU,DAL,IR,Knee - acl,,,,WR/FLEX
"","","","","","","","","","","","","","",134747-119672:Kendall Milton,134747-119672,RB,Kendall,Kendall Milton,Milton,0.20000000298023224,1,4000,JAC@CIN,CIN,JAC,,,,,,RB/FLEX
"","","","","","","","","","","","","","",134747-157579:Rocco Underwood,134747-157579,TE,Rocco,Rocco Underwood,Underwood,0,1,4000,LAR@PHI,PHI,LAR,,,,,,TE/FLEX
"","","","","","","","","","","","","","",134747-23435:Andrew DePaola,134747-23435,TE,Andrew,Andrew DePaola,DePaola,0,3,4000,MIA@MIN,MIN,MIA,,,,,,TE/FLEX
"","","","","","","","","","","","","","",134747-94094:Brevin Jordan,134747-94094,TE,Brevin,Brevin Jordan,Jordan,0,1,4000,DAL@HOU,HOU,DAL,,,,,,TE/FLEX
"","","","","","","","","","","","","","",134747-93075:Hunter Long,134747-93075,TE,Hunter,Hunter Long,Long,0.5,2,4000,ARI@NYG,ARI,NYG,,,,,,TE/FLEX
"","","","","","","","","","","","","","",134747-64403:Irvin Charles,134747-64403,WR,Irvin,Irvin Charles,Charles,,0,4000,LAC@SEA,SEA,LAC,IR,Undisclosed,,,,WR/FLEX
"","","","","","","","","","","","","","",134747-128920:Noah Whittington,134747-128920,RB,Noah,Noah Whittington,Whittington,,0,4000,DAL@HOU,HOU,DAL,O,Quadriceps,,,,RB/FLEX
"","","","","","","","","","","","","","",134747-28570:Nick Vannett,134747-28570,TE,Nick,Nick Vannett,Vannett,,0,4000,TEN@BAL,BAL,TEN,,,,,,TE/FLEX
"","","","","","","","","","","","","","",134747-176025:Noah Thomas,134747-176025,WR,Noah,Noah Thomas,Thomas,,0,4000,JAC@CIN,CIN,JAC,,,,,,WR/FLEX
"","","","","","","","","","","","","","",134747-114591:William Wagner,134747-114591,TE,William,William Wagner,Wagner,0,1,4000,JAC@CIN,CIN,JAC,,,,,,TE/FLEX
"","","","","","","","","","","","","","",134747-137122:Tahj Brooks,134747-137122,RB,Tahj,Tahj Brooks,Brooks,0,2,4000,JAC@CIN,CIN,JAC,,,,,,RB/FLEX
"","","","","","","","","","","","","","",134747-159649:DJ Herman,134747-159649,RB,DJ,DJ Herman,Herman,1.149999976158142,2,4000,MIA@MIN,MIA,MIN,,,,,,RB/FLEX
"","","","","","","","","","","","","","",134747-119718:Chip Trayanum,134747-119718,RB,Chip,Chip Trayanum,Trayanum,,0,4000,NYJ@CHI,NYJ,CHI,IR,Neck,,,,RB/FLEX
"","","","","","","","","","","","","","",134747-119722:Johnny Wilson,134747-119722,WR,Johnny,Johnny Wilson,Wilson,,0,4000,LAR@PHI,PHI,LAR,IR,Knee,,,,WR/FLEX
"","","","","","","","","","","","","","",134747-157609:Gage Larvadain,134747-157609,WR,Gage,Gage Larvadain,Larvadain,0.7416666348775228,12,4000,TEN@BAL,BAL,TEN,,,,,,WR/FLEX
"","","","","","","","","","","","","","",134747-119730:Jimmy Holiday,134747-119730,WR,Jimmy,Jimmy Holiday,Holiday,,0,4000,KC@LV,KC,LV,IR,Undisclosed,,,,WR/FLEX
"","","","","","","","","","","","","","",134747-138164:Patrick Gurd,134747-138164,TE,Patrick,Patrick Gurd,Gurd,,0,4000,KC@LV,LV,KC,,,,,,TE/FLEX
"","","","","","","","","","","","","","",134747-152540:CJ Dippre,134747-152540,TE,CJ,CJ Dippre,Dippre,,0,4000,GB@TB,TB,GB,,,,,,TE/FLEX
"","","","","","","","","","","","","","",134747-93150:Jake Bobo,134747-93150,WR,Jake,Jake Bobo,Bobo,1.9000000272478377,7,4000,LAC@SEA,SEA,LAC,IR,Knee,,,,WR/FLEX
"","","","","","","","","","","","","","",134747-85986:James Mitchell,134747-85986,TE,James,James Mitchell,Mitchell,1.433333396911621,3,4000,DAL@HOU,DAL,HOU,,,,,,TE/FLEX
"","","","","","","","","","","","","","",134747-166894:Omari Evans,134747-166894,WR,Omari,Omari Evans,Evans,,0,4000,KC@LV,KC,LV,,,,,,WR/FLEX
"","","","","","","","","","","","","","",134747-138220:Montorie Foster Jr.,134747-138220,WR,Montorie,Montorie Foster Jr.,Foster Jr.,0,2,4000,LAC@SEA,SEA,LAC,,,,,,WR/FLEX
"","","","","","","","","","","","","","",134747-138221:Ricky White III,134747-138221,WR,Ricky,Ricky White III,White III,,0,4000,LAC@SEA,SEA,LAC,,,,,,WR/FLEX
"","","","","","","","","","","","","","",134747-155629:Khalil Dinkins,134747-155629,TE,Khalil,Khalil Dinkins,Dinkins,,0,4000,DEN@SF,SF,DEN,,,,,,TE/FLEX
"","","","","","","","","","","","","","",134747-183290:Andrew Armstrong,134747-183290,WR,Andrew,Andrew Armstrong,Armstrong,,0,4000,KC@LV,KC,LV,,,,,,WR/FLEX
"","","","","","","","","","","","","","",134747-12546:Arizona Cardinals,134747-12546,D,Arizona,Arizona Cardinals,Cardinals,3.3333333333333335,3,3900,ARI@NYG,ARI,NYG,,,,,,DEF
"","","","","","","","","","","","","","",134747-12554:Jacksonville Jaguars,134747-12554,D,Jacksonville,Jacksonville Jaguars,Jaguars,10.666666666666666,3,3800,JAC@CIN,JAC,CIN,,,,,,DEF
"","","","","","","","","","","","","","",134747-12541:New England Patriots,134747-12541,D,New England,New England Patriots,Patriots,8.666666666666666,3,3700,NE@BUF,NE,BUF,,,,,,DEF
"","","","","","","","","","","","","","",134747-12543:New York Giants,134747-12543,D,New York,New York Giants,Giants,5,3,3600,ARI@NYG,NYG,ARI,,,,,,DEF
"","","","","","","","","","","","","","",134747-12527:Chicago Bears,134747-12527,D,Chicago,Chicago Bears,Bears,8.333333333333334,3,3500,NYJ@CHI,CHI,NYJ,,,,,,DEF
"","","","","","","","","","","","","","",134747-12530:Dallas Cowboys,134747-12530,D,Dallas,Dallas Cowboys,Cowboys,1.6666666666666667,3,3400,DAL@HOU,DAL,HOU,,,,,,DEF
"","","","","","","","","","","","","","",134747-12528:Cincinnati Bengals,134747-12528,D,Cincinnati,Cincinnati Bengals,Bengals,10.666666666666666,3,3300,JAC@CIN,CIN,JAC,,,,,,DEF
"","","","","","","","","","","","","","",134747-12544:New York Jets,134747-12544,D,New York,New York Jets,Jets,5.333333333333333,3,3200,NYJ@CHI,NYJ,CHI,,,,,,DEF
"","","","","","","","","","","","","","",134747-12551:Tampa Bay Buccaneers,134747-12551,D,Tampa Bay,Tampa Bay Buccaneers,Buccaneers,5.666666666666667,3,3200,GB@TB,TB,GB,,,,,,DEF
"","","","","","","","","","","","","","",134747-12537:Las Vegas Raiders,134747-12537,D,Las Vegas,Las Vegas Raiders,Raiders,12.333333333333334,3,3100,KC@LV,LV,KC,,,,,,DEF
"","","","","","","","","","","","","","",134747-12548:Los Angeles Chargers,134747-12548,D,Los Angeles,Los Angeles Chargers,Chargers,6.333333333333333,3,3100,LAC@SEA,LAC,SEA,,,,,,DEF
"","","","","","","","","","","","","","",134747-12534:Tennessee Titans,134747-12534,D,Tennessee,Tennessee Titans,Titans,4.666666666666667,3,3000,TEN@BAL,TEN,BAL,,,,,,DEF
"","","","","","","","","","","","","","",134747-12539:Miami Dolphins,134747-12539,D,Miami,Miami Dolphins,Dolphins,0.6666666666666666,3,3000,MIA@MIN,MIA,MIN,,,,,,DEF